Sample_ID,Sample_ID_original,Group,DNA_batch,PCR_batch,Center,Material,Age,Gender,Patient_ID
2015_11_17___Hiseq_4_RDB102_TGCCTCAA,2015-11-17 - Hiseq-4/RDB102_TGCCTCAA,NAT,1036,2019,Maccabi Megalab,FFPE,49.0,F,45
2015_11_17___Hiseq_4_RDB104_CAGAACTG,2015-11-17 - Hiseq-4/RDB104_CAGAACTG,NAT,1036,2019,Maccabi Megalab,FFPE,56.0,F,46
2015_11_17___Hiseq_4_RDB109_GGTGATGA,2015-11-17 - Hiseq-4/RDB109_GGTGATGA,NAT,1036,2019,Maccabi Megalab,FFPE,66.0,F,54
2015_11_17___Hiseq_4_RDB112_CGAGAGAA,2015-11-17 - Hiseq-4/RDB112_CGAGAGAA,NAT,1039,2019,Maccabi Megalab,FFPE,44.0,F,55
2015_11_17___Hiseq_4_RDB3_CGGAGTAT,2015-11-17 - Hiseq-4/RDB3_CGGAGTAT,NAT,1031,2017,Maccabi Megalab,FFPE,42.0,F,124
2015_11_17___Hiseq_4_RDB79_CTCAAGCT,2015-11-17 - Hiseq-4/RDB79_CTCAAGCT,NAT,1034,2018,Maccabi Megalab,FFPE,45.0,F,295
2016_07_15___Hiseq_6_BC70_CTATGCGT,2016-07-15 - Hiseq-6/BC70_CTATGCGT,NAT,1061,2035,Maccabi Megalab,FFPE,74.0,F,153
2016_07_15___Hiseq_6_BC72_TTGTCTAT,2016-07-15 - Hiseq-6/BC72_TTGTCTAT,NAT,1061,2035,Maccabi Megalab,FFPE,74.0,F,154
2016_07_15___Hiseq_6_BC77_ACAGTTGA,2016-07-15 - Hiseq-6/BC77_ACAGTTGA,NAT,1062,2035,Maccabi Megalab,FFPE,72.0,F,161
2016_07_15___Hiseq_6_BC80_TCTGCAAG,2016-07-15 - Hiseq-6/BC80_TCTGCAAG,NAT,1062,2035,Maccabi Megalab,FFPE,63.0,F,162
2016_07_15___Hiseq_6_BC90_CTGCGGAT,2016-07-15 - Hiseq-6/BC90_CTGCGGAT,NAT,1062,2035,Maccabi Megalab,FFPE,64.0,F,118
2016_07_15___Hiseq_6_BC95_GCCGCAAC,2016-07-15 - Hiseq-6/BC95_GCCGCAAC,NAT,1062,2036,Maccabi Megalab,FFPE,57.0,F,122
2016_07_15___Hiseq_6_RDB10_AGCCAACT,2016-07-15 - Hiseq-6/RDB10_AGCCAACT,NAT,1064,2036,Maccabi Megalab,FFPE,49.0,F,140
2016_07_15___Hiseq_6_RDB106_CCTCGAAT,2016-07-15 - Hiseq-6/RDB106_CCTCGAAT,NAT,1067,2038,Sheba,FFPE,46.0,F,398
2016_07_15___Hiseq_6_RDB111_ATGCGCTT,2016-07-15 - Hiseq-6/RDB111_ATGCGCTT,NAT,1068,2038,Sheba,FFPE,65.0,F,401
2016_07_15___Hiseq_6_RDB113_CGCGTATT,2016-07-15 - Hiseq-6/RDB113_CGCGTATT,NAT,1068,2038,Sheba,FFPE,57.0,M,402
2016_07_15___Hiseq_6_RDB116_CTCTATCG,2016-07-15 - Hiseq-6/RDB116_CTCTATCG,NAT,1068,2038,Sheba,FFPE,79.0,F,403
2016_07_15___Hiseq_6_RDB118_TCATCTCC,2016-07-15 - Hiseq-6/RDB118_TCATCTCC,NAT,1068,2038,Sheba,FFPE,51.0,F,404
2016_07_15___Hiseq_6_RDB121_TGGTGAAG,2016-07-15 - Hiseq-6/RDB121_TGGTGAAG,NAT,1068,2038,Sheba,FFPE,59.0,M,405
2016_07_15___Hiseq_6_RDB123_ATGAGTGC,2016-07-15 - Hiseq-6/RDB123_ATGAGTGC,NAT,1068,2038,Sheba,FFPE,68.0,F,406
2016_07_15___Hiseq_6_RDB127_GAAGTGCT,2016-07-15 - Hiseq-6/RDB127_GAAGTGCT,NAT,1068,2038,Sheba,FFPE,46.0,F,407
2016_07_15___Hiseq_6_RDB13_ATCTGACC,2016-07-15 - Hiseq-6/RDB13_ATCTGACC,NAT,1064,2036,Maccabi Megalab,FFPE,55.0,F,152
2016_07_15___Hiseq_6_RDB131_AGCGAGAT,2016-07-15 - Hiseq-6/RDB131_AGCGAGAT,NAT,1068,2038,Sheba,FFPE,51.0,F,409
2016_07_15___Hiseq_6_RDB134_CTCCTGAA,2016-07-15 - Hiseq-6/RDB134_CTCCTGAA,NAT,1070,2038,Sheba,FFPE,50.0,F,312
2016_07_15___Hiseq_6_RDB142_CACACATC,2016-07-15 - Hiseq-6/RDB142_CACACATC,NAT,1070,2039,Maccabi Megalab,FFPE,88.0,F,168
2016_07_15___Hiseq_6_RDB145_GTCTGCAA,2016-07-15 - Hiseq-6/RDB145_GTCTGCAA,NAT,1070,2039,Maccabi Megalab,FFPE,38.0,F,169
2016_07_15___Hiseq_6_RDB148_TCTAGTCC,2016-07-15 - Hiseq-6/RDB148_TCTAGTCC,NAT,1070,2039,Maccabi Megalab,FFPE,44.0,F,170
2016_07_15___Hiseq_6_RDB15_CTCAGAAG,2016-07-15 - Hiseq-6/RDB15_CTCAGAAG,NAT,1064,2036,Maccabi Megalab,FFPE,39.0,F,155
2016_07_15___Hiseq_6_RDB150_AAGCTGGT,2016-07-15 - Hiseq-6/RDB150_AAGCTGGT,NAT,1070,2039,Maccabi Megalab,FFPE,46.0,F,171
2016_07_15___Hiseq_6_RDB17_ACTTGGCT,2016-07-15 - Hiseq-6/RDB17_ACTTGGCT,NAT,1064,2036,Maccabi Megalab,FFPE,60.0,F,156
2016_07_15___Hiseq_6_RDB20_ACTCTCCA,2016-07-15 - Hiseq-6/RDB20_ACTCTCCA,NAT,1064,2036,Maccabi Megalab,FFPE,79.0,F,157
2016_07_15___Hiseq_6_RDB22_GGCTCAAT,2016-07-15 - Hiseq-6/RDB22_GGCTCAAT,NAT,1064,2036,Maccabi Megalab,FFPE,36.0,F,158
2016_07_15___Hiseq_6_RDB25_CCTATTGG,2016-07-15 - Hiseq-6/RDB25_CCTATTGG,NAT,1064,2036,Maccabi Megalab,FFPE,42.0,F,164
2016_07_15___Hiseq_6_RDB27_GAGTGTGT,2016-07-15 - Hiseq-6/RDB27_GAGTGTGT,NAT,1064,2036,Maccabi Megalab,FFPE,41.0,F,165
2016_07_15___Hiseq_6_RDB29_GGATTCAC,2016-07-15 - Hiseq-6/RDB29_GGATTCAC,NAT,1064,2036,Maccabi Megalab,FFPE,80.0,F,166
2016_07_15___Hiseq_6_RDB3_CGGAGTAT,2016-07-15 - Hiseq-6/RDB3_CGGAGTAT,NAT,1062,2036,Maccabi Megalab,FFPE,63.0,F,132
2016_07_15___Hiseq_6_RDB310_ACTGCACT,2016-07-15 - Hiseq-6/RDB310_ACTGCACT,NAT,1079,2043,Maccabi Megalab,FFPE,39.0,F,176
2016_07_15___Hiseq_6_RDB312_AGACGCTA,2016-07-15 - Hiseq-6/RDB312_AGACGCTA,NAT,1079,2043,Maccabi Megalab,FFPE,32.0,F,177
2016_07_15___Hiseq_6_RDB5_GAGTAGAG,2016-07-15 - Hiseq-6/RDB5_GAGTAGAG,NAT,1062,2036,Maccabi Megalab,FFPE,61.0,F,133
2016_07_15___Hiseq_6_RDB52_CATGTGTG,2016-07-15 - Hiseq-6/RDB52_CATGTGTG,NAT,1065,2037,Sheba,FFPE,64.0,F,373
2016_07_15___Hiseq_6_RDB54_GGTTGGTA,2016-07-15 - Hiseq-6/RDB54_GGTTGGTA,NAT,1065,2037,Sheba,FFPE,41.0,F,374
2016_07_15___Hiseq_6_RDB56_TGGTATCC,2016-07-15 - Hiseq-6/RDB56_TGGTATCC,NAT,1065,2037,Sheba,FFPE,59.0,F,375
2016_07_15___Hiseq_6_RDB58_GATACCTG,2016-07-15 - Hiseq-6/RDB58_GATACCTG,NAT,1066,2037,Sheba,FFPE,57.0,F,376
2016_07_15___Hiseq_6_RDB60_GGCGAATA,2016-07-15 - Hiseq-6/RDB60_GGCGAATA,NAT,1066,2037,Sheba,FFPE,38.0,F,378
2016_07_15___Hiseq_6_RDB64_TTCCTCCT,2016-07-15 - Hiseq-6/RDB64_TTCCTCCT,NAT,1066,2037,Sheba,FFPE,56.0,F,380
2016_07_15___Hiseq_6_RDB66_GACACAGT,2016-07-15 - Hiseq-6/RDB66_GACACAGT,NAT,1066,2037,Sheba,FFPE,59.0,F,381
2016_07_15___Hiseq_6_RDB73_CTGGTCAT,2016-07-15 - Hiseq-6/RDB73_CTGGTCAT,NAT,1066,2037,Sheba,FFPE,48.0,F,385
2016_07_15___Hiseq_6_RDB76_TCACGATG,2016-07-15 - Hiseq-6/RDB76_TCACGATG,NAT,1066,2037,Sheba,FFPE,80.0,F,386
2016_07_15___Hiseq_6_RDB79_CTCAAGCT,2016-07-15 - Hiseq-6/RDB79_CTCAAGCT,NAT,1066,2037,Sheba,FFPE,57.0,F,389
2016_07_15___Hiseq_6_RDB8_TCTTACGG,2016-07-15 - Hiseq-6/RDB8_TCTTACGG,NAT,1064,2036,Maccabi Megalab,FFPE,61.0,F,136
2016_07_15___Hiseq_6_RDB82_GGTAACGT,2016-07-15 - Hiseq-6/RDB82_GGTAACGT,NAT,1067,2037,Sheba,FFPE,67.0,F,379
2016_07_15___Hiseq_6_RDB84_TGACCGTT,2016-07-15 - Hiseq-6/RDB84_TGACCGTT,NAT,1067,2037,Sheba,FFPE,43.0,F,390
2016_07_15___Hiseq_6_RDB88_AGATTGCG,2016-07-15 - Hiseq-6/RDB88_AGATTGCG,NAT,1067,2037,Sheba,FFPE,73.0,F,391
2016_07_15___Hiseq_6_RDB93_TGTTCCGT,2016-07-15 - Hiseq-6/RDB93_TGTTCCGT,NAT,1067,2038,Sheba,FFPE,65.0,F,392
2016_07_15___Hiseq_6_RDB94_ATACTGGC,2016-07-15 - Hiseq-6/RDB94_ATACTGGC,NAT,1067,2038,Sheba,FFPE,45.0,F,393
2016_07_15___Hiseq_6_RDB97_GTAACCGA,2016-07-15 - Hiseq-6/RDB97_GTAACCGA,NAT,1067,2038,Sheba,FFPE,68.0,F,394
2016_07_15___Hiseq_6_RDB99_GTTAAGCG,2016-07-15 - Hiseq-6/RDB99_GTTAAGCG,NAT,1067,2038,Sheba,FFPE,48.0,F,395
2016_10_13___Hiseq_7_RDB1_TTGGTGCA,2016-10-13 - Hiseq-7/RDB1_TTGGTGCA,NAT,1079,2046,Maccabi Megalab,FFPE,51.0,F,173
2016_10_13___Hiseq_7_RDB10_AGCCAACT,2016-10-13 - Hiseq-7/RDB10_AGCCAACT,NAT,1081,2046,Maccabi Megalab,FFPE,64.0,F,178
2016_10_13___Hiseq_7_RDB100_TAAGTGGC,2016-10-13 - Hiseq-7/RDB100_TAAGTGGC,NAT,1087,2048,Maccabi Megalab,FFPE,64.0,F,222
2016_10_13___Hiseq_7_RDB102_TGCCTCAA,2016-10-13 - Hiseq-7/RDB102_TGCCTCAA,NAT,1087,2048,Maccabi Megalab,FFPE,47.0,F,223
2016_10_13___Hiseq_7_RDB105_CCGTTATG,2016-10-13 - Hiseq-7/RDB105_CCGTTATG,NAT,1087,2048,Maccabi Megalab,FFPE,82.0,F,224
2016_10_13___Hiseq_7_RDB109_GGTGATGA,2016-10-13 - Hiseq-7/RDB109_GGTGATGA,NAT,1087,2048,Maccabi Megalab,FFPE,64.0,F,226
2016_10_13___Hiseq_7_RDB112_CGAGAGAA,2016-10-13 - Hiseq-7/RDB112_CGAGAGAA,NAT,1088,2048,Maccabi Megalab,FFPE,48.0,F,228
2016_10_13___Hiseq_7_RDB113_CGCGTATT,2016-10-13 - Hiseq-7/RDB113_CGCGTATT,NAT,1088,2048,Maccabi Megalab,FFPE,81.0,F,227
2016_10_13___Hiseq_7_RDB115_CTAGGTTG,2016-10-13 - Hiseq-7/RDB115_CTAGGTTG,NAT,1088,2048,Maccabi Megalab,FFPE,76.0,F,230
2016_10_13___Hiseq_7_RDB119_TGACAACC,2016-10-13 - Hiseq-7/RDB119_TGACAACC,NAT,1088,2048,Maccabi Megalab,FFPE,47.0,F,232
2016_10_13___Hiseq_7_RDB12_ATCCACGA,2016-10-13 - Hiseq-7/RDB12_ATCCACGA,NAT,1081,2046,Maccabi Megalab,FFPE,41.0,F,179
2016_10_13___Hiseq_7_RDB13_ATCTGACC,2016-10-13 - Hiseq-7/RDB13_ATCTGACC,NAT,1081,2046,Maccabi Megalab,FFPE,66.0,F,180
2016_10_13___Hiseq_7_RDB17_ACTTGGCT,2016-10-13 - Hiseq-7/RDB17_ACTTGGCT,NAT,1081,2046,Maccabi Megalab,FFPE,46.0,F,181
2016_10_13___Hiseq_7_RDB20_ACTCTCCA,2016-10-13 - Hiseq-7/RDB20_ACTCTCCA,NAT,1081,2046,Maccabi Megalab,FFPE,60.0,F,182
2016_10_13___Hiseq_7_RDB23_TATGCGGT,2016-10-13 - Hiseq-7/RDB23_TATGCGGT,NAT,1081,2046,Maccabi Megalab,FFPE,61.0,F,183
2016_10_13___Hiseq_7_RDB25_CCTATTGG,2016-10-13 - Hiseq-7/RDB25_CCTATTGG,NAT,1081,2046,Maccabi Megalab,FFPE,62.0,F,184
2016_10_13___Hiseq_7_RDB3_CGGAGTAT,2016-10-13 - Hiseq-7/RDB3_CGGAGTAT,NAT,1079,2046,Maccabi Megalab,FFPE,62.0,F,174
2016_10_13___Hiseq_7_RDB31_TACGGTCT,2016-10-13 - Hiseq-7/RDB31_TACGGTCT,NAT,1081,2046,Maccabi Megalab,FFPE,52.0,F,186
2016_10_13___Hiseq_7_RDB36_TAACGTCG,2016-10-13 - Hiseq-7/RDB36_TAACGTCG,NAT,1085,2046,Maccabi Megalab,FFPE,42.0,F,188
2016_10_13___Hiseq_7_RDB38_TATGACCG,2016-10-13 - Hiseq-7/RDB38_TATGACCG,NAT,1085,2046,Maccabi Megalab,FFPE,49.0,F,189
2016_10_13___Hiseq_7_RDB41_GAAGACTG,2016-10-13 - Hiseq-7/RDB41_GAAGACTG,NAT,1085,2046,Maccabi Megalab,FFPE,37.0,F,191
2016_10_13___Hiseq_7_RDB42_GGAAGAGA,2016-10-13 - Hiseq-7/RDB42_GGAAGAGA,NAT,1085,2046,Maccabi Megalab,FFPE,71.0,F,193
2016_10_13___Hiseq_7_RDB46_GATCTTGC,2016-10-13 - Hiseq-7/RDB46_GATCTTGC,NAT,1085,2047,Maccabi Megalab,FFPE,55.0,F,194
2016_10_13___Hiseq_7_RDB49_AGAGGATG,2016-10-13 - Hiseq-7/RDB49_AGAGGATG,NAT,1085,2047,Maccabi Megalab,FFPE,60.0,F,196
2016_10_13___Hiseq_7_RDB52_CATGTGTG,2016-10-13 - Hiseq-7/RDB52_CATGTGTG,NAT,1085,2047,Maccabi Megalab,FFPE,53.0,F,197
2016_10_13___Hiseq_7_RDB54_GGTTGGTA,2016-10-13 - Hiseq-7/RDB54_GGTTGGTA,NAT,1085,2047,Maccabi Megalab,FFPE,64.0,F,198
2016_10_13___Hiseq_7_RDB56_TGGTATCC,2016-10-13 - Hiseq-7/RDB56_TGGTATCC,NAT,1085,2047,Maccabi Megalab,FFPE,85.0,F,199
2016_10_13___Hiseq_7_RDB60_GGCGAATA,2016-10-13 - Hiseq-7/RDB60_GGCGAATA,NAT,1086,2047,Maccabi Megalab,FFPE,61.0,F,200
2016_10_13___Hiseq_7_RDB63_TCCGATCA,2016-10-13 - Hiseq-7/RDB63_TCCGATCA,NAT,1086,2047,Maccabi Megalab,FFPE,51.0,F,201
2016_10_13___Hiseq_7_RDB64_TTCCTCCT,2016-10-13 - Hiseq-7/RDB64_TTCCTCCT,NAT,1086,2047,Maccabi Megalab,FFPE,59.0,F,202
2016_10_13___Hiseq_7_RDB68_TGGATGGT,2016-10-13 - Hiseq-7/RDB68_TGGATGGT,NAT,1086,2047,Maccabi Megalab,FFPE,63.0,F,203
2016_10_13___Hiseq_7_RDB7_TCTTACGG,2016-10-13 - Hiseq-7/RDB7_TCTTACGG,NAT,1079,2046,Maccabi Megalab,FFPE,41.0,F,175
2016_10_13___Hiseq_7_RDB70_AGACATGC,2016-10-13 - Hiseq-7/RDB70_AGACATGC,NAT,1086,2047,Maccabi Megalab,FFPE,63.0,F,204
2016_10_13___Hiseq_7_RDB73_CTGGTCAT,2016-10-13 - Hiseq-7/RDB73_CTGGTCAT,NAT,1086,2047,Maccabi Megalab,FFPE,62.0,F,205
2016_10_13___Hiseq_7_RDB75_GGTTAGCT,2016-10-13 - Hiseq-7/RDB75_GGTTAGCT,NAT,1086,2047,Maccabi Megalab,FFPE,46.0,F,206
2016_10_13___Hiseq_7_RDB78_TGATCACG,2016-10-13 - Hiseq-7/RDB78_TGATCACG,NAT,1086,2047,Maccabi Megalab,FFPE,61.0,F,207
2016_10_13___Hiseq_7_RDB81_GAACGGTT,2016-10-13 - Hiseq-7/RDB81_GAACGGTT,NAT,1086,2047,Maccabi Megalab,FFPE,52.0,F,208
2016_10_13___Hiseq_7_RDB86_AAGTCCTC,2016-10-13 - Hiseq-7/RDB86_AAGTCCTC,NAT,1087,2047,Maccabi Megalab,FFPE,39.0,F,214
2016_10_13___Hiseq_7_RDB89_CACGATTC,2016-10-13 - Hiseq-7/RDB89_CACGATTC,NAT,1087,2047,Maccabi Megalab,FFPE,50.0,F,216
2016_10_13___Hiseq_7_RDB93_TGTTCCGT,2016-10-13 - Hiseq-7/RDB93_TGTTCCGT,NAT,1087,2048,Maccabi Megalab,FFPE,56.0,F,217
2016_10_13___Hiseq_7_RDB94_ATACTGGC,2016-10-13 - Hiseq-7/RDB94_ATACTGGC,NAT,1087,2048,Maccabi Megalab,FFPE,60.0,F,220
2016_10_13___Hiseq_7_RDB96_GGTGTACA,2016-10-13 - Hiseq-7/RDB96_GGTGTACA,NAT,1087,2048,Maccabi Megalab,FFPE,56.0,F,221
2016_11_30___Hiseq_8_RDB11_TTCGAAGC,2016-11-30 - Hiseq-8/RDB11_TTCGAAGC,NAT,1097,2056,Rambam,Snap,66.0,F,4
2016_11_30___Hiseq_8_RDB15_CTCAGAAG,2016-11-30 - Hiseq-8/RDB15_CTCAGAAG,NAT,1097,2056,Rambam,Snap,72.0,F,10
2016_11_30___Hiseq_8_RDB17_ACTTGGCT,2016-11-30 - Hiseq-8/RDB17_ACTTGGCT,NAT,1097,2056,Rambam,Snap,70.0,F,2
2016_11_30___Hiseq_8_RDB19_AACACCAC,2016-11-30 - Hiseq-8/RDB19_AACACCAC,NAT,1097,2056,Rambam,Snap,73.0,F,1
2016_11_30___Hiseq_8_RDB2_ACAAGCTC,2016-11-30 - Hiseq-8/RDB2_ACAAGCTC,NAT,1097,2056,Rambam,Snap,64.0,F,5
2016_11_30___Hiseq_8_RDB24_TGCGATAG,2016-11-30 - Hiseq-8/RDB24_TGCGATAG,NAT,1097,2056,Rambam,Snap,76.0,F,7
2016_11_30___Hiseq_8_RDB265_TAGTGGTG,2016-11-30 - Hiseq-8/RDB265_TAGTGGTG,NAT,1100,2062,Rambam,Snap,65.0,F,27
2016_11_30___Hiseq_8_RDB50_GTCGTTAC,2016-11-30 - Hiseq-8/RDB50_GTCGTTAC,NAT,1099,2057,Rambam,Snap,54.0,F,25
2016_11_30___Hiseq_8_RDB55_GTATTCCG,2016-11-30 - Hiseq-8/RDB55_GTATTCCG,NAT,1099,2057,Rambam,Snap,75.0,F,16
2016_11_30___Hiseq_8_RDB56_TGGTATCC,2016-11-30 - Hiseq-8/RDB56_TGGTATCC,NAT,1099,2057,Rambam,Snap,56.0,F,20
2016_11_30___Hiseq_8_RDB6_AACCTACG,2016-11-30 - Hiseq-8/RDB6_AACCTACG,NAT,1097,2056,Rambam,Snap,68.0,F,6
2016_11_30___Hiseq_8_RDB60_GGCGAATA,2016-11-30 - Hiseq-8/RDB60_GGCGAATA,NAT,1099,2057,Rambam,Snap,46.0,F,21
2016_11_30___Hiseq_8_RDB66_GACACAGT,2016-11-30 - Hiseq-8/RDB66_GACACAGT,NAT,1099,2057,Rambam,Snap,32.0,F,24
2016_11_30___Hiseq_8_RDB67_TACATCGG,2016-11-30 - Hiseq-8/RDB67_TACATCGG,NAT,1099,2057,Rambam,Snap,54.0,F,12
2016_11_30___Hiseq_8_RDB68_TGGATGGT,2016-11-30 - Hiseq-8/RDB68_TGGATGGT,NAT,1099,2057,Rambam,Snap,70.0,F,13
2016_11_30___Hiseq_8_RDB69_TTGCTTGG,2016-11-30 - Hiseq-8/RDB69_TTGCTTGG,NAT,1099,2057,Rambam,Snap,38.0,F,22
2016_11_30___Hiseq_8_RDB79_CTCAAGCT,2016-11-30 - Hiseq-8/RDB79_CTCAAGCT,NAT,1100,2057,Rambam,Snap,57.0,F,26
2016_11_30___Hiseq_8_RDB8_GGCATTCT,2016-11-30 - Hiseq-8/RDB8_GGCATTCT,NAT,1097,2056,Rambam,Snap,51.0,F,11
2016_1_14___Hiseq_5_BC11_GTATAACA,2016-1-14 - Hiseq-5/BC11_GTATAACA,NAT,1057,2031,Maccabi Megalab,FFPE,74.0,F,150
2016_1_14___Hiseq_5_BC2_CATGCTTA,2016-1-14 - Hiseq-5/BC2_CATGCTTA,NAT,1056,2031,Maccabi Megalab,FFPE,51.0,F,141
2016_1_14___Hiseq_5_BC5_AGCAATTC,2016-1-14 - Hiseq-5/BC5_AGCAATTC,NAT,1056,2031,Maccabi Megalab,FFPE,47.0,F,144
2016_1_14___Hiseq_5_BC7_CCAGTTAG,2016-1-14 - Hiseq-5/BC7_CCAGTTAG,NAT,1056,2031,Maccabi Megalab,FFPE,40.0,F,146
2016_1_14___Hiseq_5_BC9_ACCAACTG,2016-1-14 - Hiseq-5/BC9_ACCAACTG,NAT,1056,2031,Maccabi Megalab,FFPE,72.0,F,147
2016_1_14___Hiseq_5_RDB203_TGTGTCAG,2016-1-14 - Hiseq-5/RDB203_TGTGTCAG,NAT,1054,2029,Maccabi Megalab,FFPE,65.0,F,47
2016_1_14___Hiseq_5_RDB206_ACGTCCAA,2016-1-14 - Hiseq-5/RDB206_ACGTCCAA,NAT,1054,2029,Maccabi Megalab,FFPE,48.0,F,48
2016_1_14___Hiseq_5_RDB210_AGCAGACA,2016-1-14 - Hiseq-5/RDB210_AGCAGACA,NAT,1054,2029,Maccabi Megalab,FFPE,76.0,F,59
2016_1_14___Hiseq_5_RDB212_AGGAGGTT,2016-1-14 - Hiseq-5/RDB212_AGGAGGTT,NAT,1054,2029,Maccabi Megalab,FFPE,53.0,F,60
2016_1_14___Hiseq_5_RDB216_ATCGGAGA,2016-1-14 - Hiseq-5/RDB216_ATCGGAGA,NAT,1054,2029,Maccabi Megalab,FFPE,46.0,F,61
2016_1_14___Hiseq_5_RDB225_GACGTCAT,2016-1-14 - Hiseq-5/RDB225_GACGTCAT,NAT,1054,2030,Maccabi Megalab,FFPE,84.0,F,70
2016_1_14___Hiseq_5_RDB227_GATCAGAC,2016-1-14 - Hiseq-5/RDB227_GATCAGAC,NAT,1054,2030,Maccabi Megalab,FFPE,64.0,F,73
2016_1_14___Hiseq_5_RDB230_GCTCAGTT,2016-1-14 - Hiseq-5/RDB230_GCTCAGTT,NAT,1054,2030,Maccabi Megalab,FFPE,47.0,F,74
2016_1_14___Hiseq_5_RDB232_GGATCTGA,2016-1-14 - Hiseq-5/RDB232_GGATCTGA,NAT,1054,2030,Maccabi Megalab,FFPE,68.0,F,78
2016_1_14___Hiseq_5_RDB237_TCCTGGTA,2016-1-14 - Hiseq-5/RDB237_TCCTGGTA,NAT,1054,2030,Maccabi Megalab,FFPE,57.0,F,80
2016_1_14___Hiseq_5_RDB239_AACCACTC,2016-1-14 - Hiseq-5/RDB239_AACCACTC,NAT,1054,2030,Maccabi Megalab,FFPE,64.0,F,81
2016_1_14___Hiseq_5_RDB244_ACGAATCC,2016-1-14 - Hiseq-5/RDB244_ACGAATCC,NAT,1054,2030,Maccabi Megalab,FFPE,53.0,F,90
2016_1_14___Hiseq_5_RDB248_AGTCAGGT,2016-1-14 - Hiseq-5/RDB248_AGTCAGGT,NAT,1055,2030,Maccabi Megalab,FFPE,41.0,F,91
2016_1_14___Hiseq_5_RDB250_CAACACAG,2016-1-14 - Hiseq-5/RDB250_CAACACAG,NAT,1055,2030,Maccabi Megalab,FFPE,53.0,F,95
2016_1_14___Hiseq_5_RDB251_CACGTCTA,2016-1-14 - Hiseq-5/RDB251_CACGTCTA,NAT,1055,2030,Maccabi Megalab,FFPE,64.0,F,96
2016_1_14___Hiseq_5_RDB255_CCACAACA,2016-1-14 - Hiseq-5/RDB255_CCACAACA,NAT,1055,2030,Maccabi Megalab,FFPE,42.0,F,102
2016_1_14___Hiseq_5_RDB257_CCGAAGAT,2016-1-14 - Hiseq-5/RDB257_CCGAAGAT,NAT,1055,2030,Maccabi Megalab,FFPE,65.0,F,105
2016_1_14___Hiseq_5_RDB263_GTCCTGTT,2016-1-14 - Hiseq-5/RDB263_GTCCTGTT,NAT,1055,2030,Maccabi Megalab,FFPE,36.0,F,114
2016_1_14___Hiseq_5_RDB270_AATCGCTG,2016-1-14 - Hiseq-5/RDB270_AATCGCTG,NAT,1055,2031,Maccabi Megalab,FFPE,65.0,F,115
2016_1_14___Hiseq_5_RDB272_ACATGGAG,2016-1-14 - Hiseq-5/RDB272_ACATGGAG,NAT,1055,2031,Maccabi Megalab,FFPE,73.0,F,120
2016_1_14___Hiseq_5_RDB275_ACTATCGC,2016-1-14 - Hiseq-5/RDB275_ACTATCGC,NAT,1056,2031,Maccabi Megalab,FFPE,64.0,F,125
2016_1_14___Hiseq_5_RDB277_AGTGGCAA,2016-1-14 - Hiseq-5/RDB277_AGTGGCAA,NAT,1056,2031,Maccabi Megalab,FFPE,66.0,F,126
2016_1_14___Hiseq_5_RDB279_CAACTTGG,2016-1-14 - Hiseq-5/RDB279_CAACTTGG,NAT,1056,2031,Maccabi Megalab,FFPE,62.0,F,127
2016_1_14___Hiseq_5_RDB282_CAGACGTT,2016-1-14 - Hiseq-5/RDB282_CAGACGTT,NAT,1056,2031,Maccabi Megalab,FFPE,82.0,F,129
2016_1_14___Hiseq_5_RDB284_CCTGTCAA,2016-1-14 - Hiseq-5/RDB284_CCTGTCAA,NAT,1056,2031,Maccabi Megalab,FFPE,59.0,F,130
2016_1_14___Hiseq_5_RDB287_CTACATCC,2016-1-14 - Hiseq-5/RDB287_CTACATCC,NAT,1056,2031,Maccabi Megalab,FFPE,66.0,F,139
Batch184_RDB174_GGTTGAAC,Batch184/RDB174_GGTTGAAC,NAT,1027,2004,Maccabi Megalab,FFPE,71.0,F,104
Batch380_RDB135_TGATAGGC,Batch380/RDB135_TGATAGGC,NAT,1028,2007,Maccabi Megalab,FFPE,50.0,F,51
Batch380_RDB137_CATGGATC,Batch380/RDB137_CATGGATC,NAT,1028,2007,Maccabi Megalab,FFPE,60.0,F,92
Batch380_RDB140_TGCTGTGA,Batch380/RDB140_TGCTGTGA,NAT,1028,2007,Maccabi Megalab,FFPE,62.0,F,98
Batch380_RDB142_CACACATC,Batch380/RDB142_CACACATC,NAT,1028,2007,Maccabi Megalab,FFPE,41.0,F,99
Batch380_RDB148_TCTAGTCC,Batch380/RDB148_TCTAGTCC,NAT,1028,2007,Maccabi Megalab,FFPE,50.0,F,109
2015_11_17___Hiseq_4_RDB101_TCAGTAGG,2015-11-17 - Hiseq-4/RDB101_TCAGTAGG,Tumor,1036,2019,Maccabi Megalab,FFPE,49.0,F,45
2015_11_17___Hiseq_4_RDB103_AACTCGGA,2015-11-17 - Hiseq-4/RDB103_AACTCGGA,Tumor,1036,2019,Maccabi Megalab,FFPE,56.0,F,46
2015_11_17___Hiseq_4_RDB108_CGTCTAAC,2015-11-17 - Hiseq-4/RDB108_CGTCTAAC,Tumor,1036,2019,Maccabi Megalab,FFPE,66.0,F,54
2015_11_17___Hiseq_4_RDB111_ATGCGCTT,2015-11-17 - Hiseq-4/RDB111_ATGCGCTT,Tumor,1039,2019,Maccabi Megalab,FFPE,44.0,F,55
2015_11_17___Hiseq_4_RDB2_ACAAGCTC,2015-11-17 - Hiseq-4/RDB2_ACAAGCTC,Tumor,1031,2017,Maccabi Megalab,FFPE,42.0,F,124
2015_11_17___Hiseq_4_RDB80_CTTACAGC,2015-11-17 - Hiseq-4/RDB80_CTTACAGC,Tumor,1034,2018,Maccabi Megalab,FFPE,45.0,F,295
2016_07_15___Hiseq_6_BC67_GTAACATC,2016-07-15 - Hiseq-6/BC67_GTAACATC,Tumor,1061,2035,Maccabi Megalab,FFPE,64.0,F,125
2016_07_15___Hiseq_6_BC68_TGTAATCA,2016-07-15 - Hiseq-6/BC68_TGTAATCA,Tumor,1061,2035,Maccabi Megalab,FFPE,74.0,F,153
2016_07_15___Hiseq_6_BC71_GTCCACAG,2016-07-15 - Hiseq-6/BC71_GTCCACAG,Tumor,1061,2035,Maccabi Megalab,FFPE,74.0,F,154
2016_07_15___Hiseq_6_BC74_ATTCCTCT,2016-07-15 - Hiseq-6/BC74_ATTCCTCT,Tumor,1061,2035,Maccabi Megalab,FFPE,72.0,F,161
2016_07_15___Hiseq_6_BC78_CAATAGTC,2016-07-15 - Hiseq-6/BC78_CAATAGTC,Tumor,1062,2035,Maccabi Megalab,FFPE,63.0,F,162
2016_07_15___Hiseq_6_BC89_AGGTCGCA,2016-07-15 - Hiseq-6/BC89_AGGTCGCA,Tumor,1062,2035,Maccabi Megalab,FFPE,64.0,F,118
2016_07_15___Hiseq_6_BC91_GCAGCCGT,2016-07-15 - Hiseq-6/BC91_GCAGCCGT,Tumor,1062,2035,Maccabi Megalab,FFPE,57.0,F,122
2016_07_15___Hiseq_6_RDB100_TAAGTGGC,2016-07-15 - Hiseq-6/RDB100_TAAGTGGC,Tumor,1067,2038,Sheba,FFPE,48.0,F,395
2016_07_15___Hiseq_6_RDB107_CCTCGTTA,2016-07-15 - Hiseq-6/RDB107_CCTCGTTA,Tumor,1067,2038,Sheba,FFPE,46.0,F,398
2016_07_15___Hiseq_6_RDB11_TTCGAAGC,2016-07-15 - Hiseq-6/RDB11_TTCGAAGC,Tumor,1064,2036,Maccabi Megalab,FFPE,55.0,F,152
2016_07_15___Hiseq_6_RDB112_CGAGAGAA,2016-07-15 - Hiseq-6/RDB112_CGAGAGAA,Tumor,1068,2038,Sheba,FFPE,65.0,F,401
2016_07_15___Hiseq_6_RDB115_CTAGGTTG,2016-07-15 - Hiseq-6/RDB115_CTAGGTTG,Tumor,1068,2038,Sheba,FFPE,57.0,M,402
2016_07_15___Hiseq_6_RDB117_CTGAACGT,2016-07-15 - Hiseq-6/RDB117_CTGAACGT,Tumor,1068,2038,Sheba,FFPE,79.0,F,403
2016_07_15___Hiseq_6_RDB119_TGACAACC,2016-07-15 - Hiseq-6/RDB119_TGACAACC,Tumor,1068,2038,Sheba,FFPE,51.0,F,404
2016_07_15___Hiseq_6_RDB122_AGAGCAGA,2016-07-15 - Hiseq-6/RDB122_AGAGCAGA,Tumor,1068,2038,Sheba,FFPE,59.0,M,405
2016_07_15___Hiseq_6_RDB124_ATGCGTCA,2016-07-15 - Hiseq-6/RDB124_ATGCGTCA,Tumor,1068,2038,Sheba,FFPE,68.0,F,406
2016_07_15___Hiseq_6_RDB125_CGAAGTCA,2016-07-15 - Hiseq-6/RDB125_CGAAGTCA,Tumor,1068,2038,Sheba,FFPE,46.0,F,407
2016_07_15___Hiseq_6_RDB130_AGCCGTAA,2016-07-15 - Hiseq-6/RDB130_AGCCGTAA,Tumor,1068,2038,Sheba,FFPE,51.0,F,409
2016_07_15___Hiseq_6_RDB133_ATGGCGAT,2016-07-15 - Hiseq-6/RDB133_ATGGCGAT,Tumor,1070,2038,Sheba,FFPE,50.0,F,312
2016_07_15___Hiseq_6_RDB14_ATTAGCCG,2016-07-15 - Hiseq-6/RDB14_ATTAGCCG,Tumor,1064,2036,Maccabi Megalab,FFPE,39.0,F,155
2016_07_15___Hiseq_6_RDB140_TGCTGTGA,2016-07-15 - Hiseq-6/RDB140_TGCTGTGA,Tumor,1070,2039,Maccabi Megalab,FFPE,88.0,F,168
2016_07_15___Hiseq_6_RDB143_CAGGTTCA,2016-07-15 - Hiseq-6/RDB143_CAGGTTCA,Tumor,1070,2039,Maccabi Megalab,FFPE,38.0,F,169
2016_07_15___Hiseq_6_RDB146_GTTATGGC,2016-07-15 - Hiseq-6/RDB146_GTTATGGC,Tumor,1070,2039,Maccabi Megalab,FFPE,44.0,F,170
2016_07_15___Hiseq_6_RDB149_TGAGACGA,2016-07-15 - Hiseq-6/RDB149_TGAGACGA,Tumor,1070,2039,Maccabi Megalab,FFPE,46.0,F,171
2016_07_15___Hiseq_6_RDB16_GAGCAATC,2016-07-15 - Hiseq-6/RDB16_GAGCAATC,Tumor,1064,2036,Maccabi Megalab,FFPE,60.0,F,156
2016_07_15___Hiseq_6_RDB19_AACACCAC,2016-07-15 - Hiseq-6/RDB19_AACACCAC,Tumor,1064,2036,Maccabi Megalab,FFPE,79.0,F,157
2016_07_15___Hiseq_6_RDB2_ACAAGCTC,2016-07-15 - Hiseq-6/RDB2_ACAAGCTC,Tumor,1062,2036,Maccabi Megalab,FFPE,63.0,F,132
2016_07_15___Hiseq_6_RDB21_ATAGAGCG,2016-07-15 - Hiseq-6/RDB21_ATAGAGCG,Tumor,1064,2036,Maccabi Megalab,FFPE,36.0,F,158
2016_07_15___Hiseq_6_RDB23_TATGCGGT,2016-07-15 - Hiseq-6/RDB23_TATGCGGT,Tumor,1064,2036,Maccabi Megalab,FFPE,42.0,F,164
2016_07_15___Hiseq_6_RDB26_CTCTTGTC,2016-07-15 - Hiseq-6/RDB26_CTCTTGTC,Tumor,1064,2036,Maccabi Megalab,FFPE,41.0,F,165
2016_07_15___Hiseq_6_RDB28_GCATCCTA,2016-07-15 - Hiseq-6/RDB28_GCATCCTA,Tumor,1064,2036,Maccabi Megalab,FFPE,80.0,F,166
2016_07_15___Hiseq_6_RDB311_ACTGCGAA,2016-07-15 - Hiseq-6/RDB311_ACTGCGAA,Tumor,1079,2043,Maccabi Megalab,FFPE,39.0,F,176
2016_07_15___Hiseq_6_RDB313_AGAGACTC,2016-07-15 - Hiseq-6/RDB313_AGAGACTC,Tumor,1079,2043,Maccabi Megalab,FFPE,32.0,F,177
2016_07_15___Hiseq_6_RDB4_TCAGACAC,2016-07-15 - Hiseq-6/RDB4_TCAGACAC,Tumor,1062,2036,Maccabi Megalab,FFPE,61.0,F,133
2016_07_15___Hiseq_6_RDB50_GTCGTTAC,2016-07-15 - Hiseq-6/RDB50_GTCGTTAC,Tumor,1065,2037,Sheba,FFPE,64.0,F,373
2016_07_15___Hiseq_6_RDB53_CATTGACG,2016-07-15 - Hiseq-6/RDB53_CATTGACG,Tumor,1065,2037,Sheba,FFPE,41.0,F,374
2016_07_15___Hiseq_6_RDB55_GTATTCCG,2016-07-15 - Hiseq-6/RDB55_GTATTCCG,Tumor,1065,2037,Sheba,FFPE,59.0,F,375
2016_07_15___Hiseq_6_RDB59_GCCTTCTT,2016-07-15 - Hiseq-6/RDB59_GCCTTCTT,Tumor,1066,2037,Sheba,FFPE,57.0,F,376
2016_07_15___Hiseq_6_RDB61_GTATCGAG,2016-07-15 - Hiseq-6/RDB61_GTATCGAG,Tumor,1066,2037,Sheba,FFPE,38.0,F,378
2016_07_15___Hiseq_6_RDB62_GTTCTTCG,2016-07-15 - Hiseq-6/RDB62_GTTCTTCG,Tumor,1066,2037,Sheba,FFPE,56.0,F,380
2016_07_15___Hiseq_6_RDB65_GAATGGCA,2016-07-15 - Hiseq-6/RDB65_GAATGGCA,Tumor,1066,2037,Sheba,FFPE,59.0,F,381
2016_07_15___Hiseq_6_RDB7_GGCATTCT,2016-07-15 - Hiseq-6/RDB7_GGCATTCT,Tumor,1064,2036,Maccabi Megalab,FFPE,61.0,F,136
2016_07_15___Hiseq_6_RDB72_CACTGTAG,2016-07-15 - Hiseq-6/RDB72_CACTGTAG,Tumor,1066,2037,Sheba,FFPE,48.0,F,385
2016_07_15___Hiseq_6_RDB74_GGAATGTC,2016-07-15 - Hiseq-6/RDB74_GGAATGTC,Tumor,1066,2037,Sheba,FFPE,80.0,F,386
2016_07_15___Hiseq_6_RDB80_CTTACAGC,2016-07-15 - Hiseq-6/RDB80_CTTACAGC,Tumor,1066,2037,Sheba,FFPE,57.0,F,389
2016_07_15___Hiseq_6_RDB83_TAGTGCCA,2016-07-15 - Hiseq-6/RDB83_TAGTGCCA,Tumor,1067,2037,Sheba,FFPE,67.0,F,379
2016_07_15___Hiseq_6_RDB85_AAGCCTGA,2016-07-15 - Hiseq-6/RDB85_AAGCCTGA,Tumor,1067,2037,Sheba,FFPE,43.0,F,390
2016_07_15___Hiseq_6_RDB86_AAGTCCTC,2016-07-15 - Hiseq-6/RDB86_AAGTCCTC,Tumor,1067,2037,Sheba,FFPE,73.0,F,391
2016_07_15___Hiseq_6_RDB89_CACGATTC,2016-07-15 - Hiseq-6/RDB89_CACGATTC,Tumor,1067,2037,Sheba,FFPE,65.0,F,392
2016_07_15___Hiseq_6_RDB9_GGTACGAA,2016-07-15 - Hiseq-6/RDB9_GGTACGAA,Tumor,1064,2036,Maccabi Megalab,FFPE,49.0,F,140
2016_07_15___Hiseq_6_RDB95_CTGCCATA,2016-07-15 - Hiseq-6/RDB95_CTGCCATA,Tumor,1067,2038,Sheba,FFPE,45.0,F,393
2016_07_15___Hiseq_6_RDB98_GTGTGTTC,2016-07-15 - Hiseq-6/RDB98_GTGTGTTC,Tumor,1067,2038,Sheba,FFPE,68.0,F,394
2016_10_13___Hiseq_7_BC96_TTATATCT,2016-10-13 - Hiseq-7/BC96_TTATATCT,Tumor,1079,2046,Maccabi Megalab,FFPE,51.0,F,173
2016_10_13___Hiseq_7_RDB101_TCAGTAGG,2016-10-13 - Hiseq-7/RDB101_TCAGTAGG,Tumor,1087,2048,Maccabi Megalab,FFPE,47.0,F,223
2016_10_13___Hiseq_7_RDB103_AACTCGGA,2016-10-13 - Hiseq-7/RDB103_AACTCGGA,Tumor,1087,2048,Maccabi Megalab,FFPE,82.0,F,224
2016_10_13___Hiseq_7_RDB107_CCTCGTTA,2016-10-13 - Hiseq-7/RDB107_CCTCGTTA,Tumor,1087,2048,Maccabi Megalab,FFPE,64.0,F,226
2016_10_13___Hiseq_7_RDB11_TTCGAAGC,2016-10-13 - Hiseq-7/RDB11_TTCGAAGC,Tumor,1081,2046,Maccabi Megalab,FFPE,41.0,F,179
2016_10_13___Hiseq_7_RDB110_GTAAGGTG,2016-10-13 - Hiseq-7/RDB110_GTAAGGTG,Tumor,1087,2048,Maccabi Megalab,FFPE,48.0,F,228
2016_10_13___Hiseq_7_RDB114_CGTGTGAT,2016-10-13 - Hiseq-7/RDB114_CGTGTGAT,Tumor,1088,2048,Maccabi Megalab,FFPE,81.0,F,227
2016_10_13___Hiseq_7_RDB116_CTCTATCG,2016-10-13 - Hiseq-7/RDB116_CTCTATCG,Tumor,1088,2048,Maccabi Megalab,FFPE,76.0,F,230
2016_10_13___Hiseq_7_RDB118_TCATCTCC,2016-10-13 - Hiseq-7/RDB118_TCATCTCC,Tumor,1088,2048,Maccabi Megalab,FFPE,47.0,F,232
2016_10_13___Hiseq_7_RDB16_GAGCAATC,2016-10-13 - Hiseq-7/RDB16_GAGCAATC,Tumor,1081,2046,Maccabi Megalab,FFPE,66.0,F,180
2016_10_13___Hiseq_7_RDB18_ACTCCTAC,2016-10-13 - Hiseq-7/RDB18_ACTCCTAC,Tumor,1081,2046,Maccabi Megalab,FFPE,46.0,F,181
2016_10_13___Hiseq_7_RDB19_AACACCAC,2016-10-13 - Hiseq-7/RDB19_AACACCAC,Tumor,1081,2046,Maccabi Megalab,FFPE,60.0,F,182
2016_10_13___Hiseq_7_RDB22_GGCTCAAT,2016-10-13 - Hiseq-7/RDB22_GGCTCAAT,Tumor,1081,2046,Maccabi Megalab,FFPE,61.0,F,183
2016_10_13___Hiseq_7_RDB24_TGCGATAG,2016-10-13 - Hiseq-7/RDB24_TGCGATAG,Tumor,1081,2046,Maccabi Megalab,FFPE,62.0,F,184
2016_10_13___Hiseq_7_RDB29_GGATTCAC,2016-10-13 - Hiseq-7/RDB29_GGATTCAC,Tumor,1081,2046,Maccabi Megalab,FFPE,52.0,F,186
2016_10_13___Hiseq_7_RDB35_GTGGTATG,2016-10-13 - Hiseq-7/RDB35_GTGGTATG,Tumor,1085,2046,Maccabi Megalab,FFPE,42.0,F,188
2016_10_13___Hiseq_7_RDB37_TAGAACGC,2016-10-13 - Hiseq-7/RDB37_TAGAACGC,Tumor,1085,2046,Maccabi Megalab,FFPE,49.0,F,189
2016_10_13___Hiseq_7_RDB39_ACGCAGTA,2016-10-13 - Hiseq-7/RDB39_ACGCAGTA,Tumor,1085,2046,Maccabi Megalab,FFPE,37.0,F,191
2016_10_13___Hiseq_7_RDB4_TCAGACAC,2016-10-13 - Hiseq-7/RDB4_TCAGACAC,Tumor,1079,2046,Maccabi Megalab,FFPE,62.0,F,174
2016_10_13___Hiseq_7_RDB43_TGTCAGTG,2016-10-13 - Hiseq-7/RDB43_TGTCAGTG,Tumor,1085,2046,Maccabi Megalab,FFPE,71.0,F,193
2016_10_13___Hiseq_7_RDB44_ACGGACTT,2016-10-13 - Hiseq-7/RDB44_ACGGACTT,Tumor,1085,2046,Maccabi Megalab,FFPE,55.0,F,194
2016_10_13___Hiseq_7_RDB50_GTCGTTAC,2016-10-13 - Hiseq-7/RDB50_GTCGTTAC,Tumor,1085,2047,Maccabi Megalab,FFPE,60.0,F,196
2016_10_13___Hiseq_7_RDB51_CAAGCCAA,2016-10-13 - Hiseq-7/RDB51_CAAGCCAA,Tumor,1085,2047,Maccabi Megalab,FFPE,53.0,F,197
2016_10_13___Hiseq_7_RDB55_GTATTCCG,2016-10-13 - Hiseq-7/RDB55_GTATTCCG,Tumor,1085,2047,Maccabi Megalab,FFPE,64.0,F,198
2016_10_13___Hiseq_7_RDB57_CCGTAACT,2016-10-13 - Hiseq-7/RDB57_CCGTAACT,Tumor,1085,2047,Maccabi Megalab,FFPE,85.0,F,199
2016_10_13___Hiseq_7_RDB58_GATACCTG,2016-10-13 - Hiseq-7/RDB58_GATACCTG,Tumor,1085,2047,Maccabi Megalab,FFPE,61.0,F,200
2016_10_13___Hiseq_7_RDB6_AACCTACG,2016-10-13 - Hiseq-7/RDB6_AACCTACG,Tumor,1079,2046,Maccabi Megalab,FFPE,41.0,F,175
2016_10_13___Hiseq_7_RDB62_GTTCTTCG,2016-10-13 - Hiseq-7/RDB62_GTTCTTCG,Tumor,1086,2047,Maccabi Megalab,FFPE,51.0,F,201
2016_10_13___Hiseq_7_RDB65_GAATGGCA,2016-10-13 - Hiseq-7/RDB65_GAATGGCA,Tumor,1086,2047,Maccabi Megalab,FFPE,59.0,F,202
2016_10_13___Hiseq_7_RDB67_TACATCGG,2016-10-13 - Hiseq-7/RDB67_TACATCGG,Tumor,1086,2047,Maccabi Megalab,FFPE,63.0,F,203
2016_10_13___Hiseq_7_RDB69_TTGCTTGG,2016-10-13 - Hiseq-7/RDB69_TTGCTTGG,Tumor,1086,2047,Maccabi Megalab,FFPE,63.0,F,204
2016_10_13___Hiseq_7_RDB71_ATGACAGG,2016-10-13 - Hiseq-7/RDB71_ATGACAGG,Tumor,1086,2047,Maccabi Megalab,FFPE,62.0,F,205
2016_10_13___Hiseq_7_RDB74_GGAATGTC,2016-10-13 - Hiseq-7/RDB74_GGAATGTC,Tumor,1086,2047,Maccabi Megalab,FFPE,46.0,F,206
2016_10_13___Hiseq_7_RDB76_TCACGATG,2016-10-13 - Hiseq-7/RDB76_TCACGATG,Tumor,1086,2047,Maccabi Megalab,FFPE,61.0,F,207
2016_10_13___Hiseq_7_RDB80_CTTACAGC,2016-10-13 - Hiseq-7/RDB80_CTTACAGC,Tumor,1086,2047,Maccabi Megalab,FFPE,52.0,F,208
2016_10_13___Hiseq_7_RDB83_TAGTGCCA,2016-10-13 - Hiseq-7/RDB83_TAGTGCCA,Tumor,1086,2047,Maccabi Megalab,FFPE,39.0,F,214
2016_10_13___Hiseq_7_RDB88_AGATTGCG,2016-10-13 - Hiseq-7/RDB88_AGATTGCG,Tumor,1087,2047,Maccabi Megalab,FFPE,50.0,F,216
2016_10_13___Hiseq_7_RDB9_GGTACGAA,2016-10-13 - Hiseq-7/RDB9_GGTACGAA,Tumor,1081,2046,Maccabi Megalab,FFPE,64.0,F,178
2016_10_13___Hiseq_7_RDB90_CCGATGTA,2016-10-13 - Hiseq-7/RDB90_CCGATGTA,Tumor,1087,2047,Maccabi Megalab,FFPE,56.0,F,217
2016_10_13___Hiseq_7_RDB95_CTGCCATA,2016-10-13 - Hiseq-7/RDB95_CTGCCATA,Tumor,1087,2048,Maccabi Megalab,FFPE,60.0,F,220
2016_10_13___Hiseq_7_RDB97_GTAACCGA,2016-10-13 - Hiseq-7/RDB97_GTAACCGA,Tumor,1087,2048,Maccabi Megalab,FFPE,56.0,F,221
2016_10_13___Hiseq_7_RDB99_GTTAAGCG,2016-10-13 - Hiseq-7/RDB99_GTTAAGCG,Tumor,1087,2048,Maccabi Megalab,FFPE,64.0,F,222
2016_11_30___Hiseq_8_RDB12_ATCCACGA,2016-11-30 - Hiseq-8/RDB12_ATCCACGA,Tumor,1097,2056,Rambam,Snap,72.0,F,10
2016_11_30___Hiseq_8_RDB16_GAGCAATC,2016-11-30 - Hiseq-8/RDB16_GAGCAATC,Tumor,1097,2056,Rambam,Snap,70.0,F,2
2016_11_30___Hiseq_8_RDB18_ACTCCTAC,2016-11-30 - Hiseq-8/RDB18_ACTCCTAC,Tumor,1097,2056,Rambam,Snap,51.0,F,11
2016_11_30___Hiseq_8_RDB22_GGCTCAAT,2016-11-30 - Hiseq-8/RDB22_GGCTCAAT,Tumor,1097,2056,Rambam,Snap,64.0,F,5
2016_11_30___Hiseq_8_RDB23_TATGCGGT,2016-11-30 - Hiseq-8/RDB23_TATGCGGT,Tumor,1097,2056,Rambam,Snap,73.0,F,1
2016_11_30___Hiseq_8_RDB25_CCTATTGG,2016-11-30 - Hiseq-8/RDB25_CCTATTGG,Tumor,1097,2056,Rambam,Snap,66.0,F,4
2016_11_30___Hiseq_8_RDB3_CGGAGTAT,2016-11-30 - Hiseq-8/RDB3_CGGAGTAT,Tumor,1097,2056,Rambam,Snap,68.0,F,6
2016_11_30___Hiseq_8_RDB46_GATCTTGC,2016-11-30 - Hiseq-8/RDB46_GATCTTGC,Tumor,1099,2057,Rambam,Snap,70.0,F,13
2016_11_30___Hiseq_8_RDB47_TACTAGCG,2016-11-30 - Hiseq-8/RDB47_TACTAGCG,Tumor,1099,2057,Rambam,Snap,56.0,F,20
2016_11_30___Hiseq_8_RDB49_AGAGGATG,2016-11-30 - Hiseq-8/RDB49_AGAGGATG,Tumor,1099,2057,Rambam,Snap,38.0,F,22
2016_11_30___Hiseq_8_RDB52_CATGTGTG,2016-11-30 - Hiseq-8/RDB52_CATGTGTG,Tumor,1099,2057,Rambam,Snap,75.0,F,16
2016_11_30___Hiseq_8_RDB54_GGTTGGTA,2016-11-30 - Hiseq-8/RDB54_GGTTGGTA,Tumor,1099,2057,Rambam,Snap,32.0,F,24
2016_11_30___Hiseq_8_RDB58_GATACCTG,2016-11-30 - Hiseq-8/RDB58_GATACCTG,Tumor,1099,2057,Rambam,Snap,54.0,F,12
2016_11_30___Hiseq_8_RDB62_GTTCTTCG,2016-11-30 - Hiseq-8/RDB62_GTTCTTCG,Tumor,1099,2057,Rambam,Snap,46.0,F,21
2016_11_30___Hiseq_8_RDB65_GAATGGCA,2016-11-30 - Hiseq-8/RDB65_GAATGGCA,Tumor,1099,2057,Rambam,Snap,54.0,F,25
2016_11_30___Hiseq_8_RDB80_CTTACAGC,2016-11-30 - Hiseq-8/RDB80_CTTACAGC,Tumor,1100,2057,Rambam,Snap,65.0,F,27
2016_11_30___Hiseq_8_RDB81_GAACGGTT,2016-11-30 - Hiseq-8/RDB81_GAACGGTT,Tumor,1100,2057,Rambam,Snap,57.0,F,26
2016_11_30___Hiseq_8_RDB9_GGTACGAA,2016-11-30 - Hiseq-8/RDB9_GGTACGAA,Tumor,1097,2056,Rambam,Snap,76.0,F,7
2016_1_14___Hiseq_5_BC1_CTACCAGG,2016-1-14 - Hiseq-5/BC1_CTACCAGG,Tumor,1056,2031,Maccabi Megalab,FFPE,51.0,F,141
2016_1_14___Hiseq_5_BC12_TTCGCTGA,2016-1-14 - Hiseq-5/BC12_TTCGCTGA,Tumor,1057,2031,Maccabi Megalab,FFPE,74.0,F,150
2016_1_14___Hiseq_5_BC3_GCACATCT,2016-1-14 - Hiseq-5/BC3_GCACATCT,Tumor,1056,2031,Maccabi Megalab,FFPE,47.0,F,144
2016_1_14___Hiseq_5_BC6_AGTTGCTT,2016-1-14 - Hiseq-5/BC6_AGTTGCTT,Tumor,1056,2031,Maccabi Megalab,FFPE,40.0,F,146
2016_1_14___Hiseq_5_BC8_TTGAGCCT,2016-1-14 - Hiseq-5/BC8_TTGAGCCT,Tumor,1056,2031,Maccabi Megalab,FFPE,72.0,F,147
2016_1_14___Hiseq_5_RDB201_TACTCCAG,2016-1-14 - Hiseq-5/RDB201_TACTCCAG,Tumor,1054,2029,Maccabi Megalab,FFPE,65.0,F,47
2016_1_14___Hiseq_5_RDB205_AAGAGGCA,2016-1-14 - Hiseq-5/RDB205_AAGAGGCA,Tumor,1054,2029,Maccabi Megalab,FFPE,48.0,F,48
2016_1_14___Hiseq_5_RDB209_AGAAGGAC,2016-1-14 - Hiseq-5/RDB209_AGAAGGAC,Tumor,1054,2029,Maccabi Megalab,FFPE,76.0,F,59
2016_1_14___Hiseq_5_RDB211_AGCTTCAG,2016-1-14 - Hiseq-5/RDB211_AGCTTCAG,Tumor,1054,2029,Maccabi Megalab,FFPE,53.0,F,60
2016_1_14___Hiseq_5_RDB213_AGGTTCCT,2016-1-14 - Hiseq-5/RDB213_AGGTTCCT,Tumor,1054,2029,Maccabi Megalab,FFPE,46.0,F,61
2016_1_14___Hiseq_5_RDB224_GAAGATCC,2016-1-14 - Hiseq-5/RDB224_GAAGATCC,Tumor,1054,2030,Maccabi Megalab,FFPE,84.0,F,70
2016_1_14___Hiseq_5_RDB226_GAGAAGGT,2016-1-14 - Hiseq-5/RDB226_GAGAAGGT,Tumor,1054,2030,Maccabi Megalab,FFPE,64.0,F,73
2016_1_14___Hiseq_5_RDB228_GATGCTAC,2016-1-14 - Hiseq-5/RDB228_GATGCTAC,Tumor,1054,2030,Maccabi Megalab,FFPE,47.0,F,74
2016_1_14___Hiseq_5_RDB231_GGACAGAT,2016-1-14 - Hiseq-5/RDB231_GGACAGAT,Tumor,1054,2030,Maccabi Megalab,FFPE,68.0,F,78
2016_1_14___Hiseq_5_RDB236_TAGTCTCG,2016-1-14 - Hiseq-5/RDB236_TAGTCTCG,Tumor,1054,2030,Maccabi Megalab,FFPE,57.0,F,80
2016_1_14___Hiseq_5_RDB238_TCGATGAC,2016-1-14 - Hiseq-5/RDB238_TCGATGAC,Tumor,1054,2030,Maccabi Megalab,FFPE,64.0,F,81
2016_1_14___Hiseq_5_RDB243_ACATGCCA,2016-1-14 - Hiseq-5/RDB243_ACATGCCA,Tumor,1054,2030,Maccabi Megalab,FFPE,53.0,F,90
2016_1_14___Hiseq_5_RDB245_AGAAGTGG,2016-1-14 - Hiseq-5/RDB245_AGAAGTGG,Tumor,1054,2030,Maccabi Megalab,FFPE,41.0,F,91
2016_1_14___Hiseq_5_RDB249_ATCATGCG,2016-1-14 - Hiseq-5/RDB249_ATCATGCG,Tumor,1055,2030,Maccabi Megalab,FFPE,53.0,F,95
2016_1_14___Hiseq_5_RDB252_CAGCATAC,2016-1-14 - Hiseq-5/RDB252_CAGCATAC,Tumor,1055,2030,Maccabi Megalab,FFPE,64.0,F,96
2016_1_14___Hiseq_5_RDB254_CATCACGT,2016-1-14 - Hiseq-5/RDB254_CATCACGT,Tumor,1055,2030,Maccabi Megalab,FFPE,42.0,F,102
2016_1_14___Hiseq_5_RDB256_CCACATTG,2016-1-14 - Hiseq-5/RDB256_CCACATTG,Tumor,1055,2030,Maccabi Megalab,FFPE,65.0,F,105
2016_1_14___Hiseq_5_RDB261_GCAATTCC,2016-1-14 - Hiseq-5/RDB261_GCAATTCC,Tumor,1055,2030,Maccabi Megalab,FFPE,36.0,F,114
2016_1_14___Hiseq_5_RDB269_AAGGCGTA,2016-1-14 - Hiseq-5/RDB269_AAGGCGTA,Tumor,1055,2031,Maccabi Megalab,FFPE,65.0,F,115
2016_1_14___Hiseq_5_RDB271_ACACGAGA,2016-1-14 - Hiseq-5/RDB271_ACACGAGA,Tumor,1055,2031,Maccabi Megalab,FFPE,73.0,F,120
2016_1_14___Hiseq_5_RDB276_AGAAGCCT,2016-1-14 - Hiseq-5/RDB276_AGAAGCCT,Tumor,1056,2031,Maccabi Megalab,FFPE,66.0,F,126
2016_1_14___Hiseq_5_RDB278_ATGCCTAG,2016-1-14 - Hiseq-5/RDB278_ATGCCTAG,Tumor,1056,2031,Maccabi Megalab,FFPE,62.0,F,127
2016_1_14___Hiseq_5_RDB281_CAAGTCGT,2016-1-14 - Hiseq-5/RDB281_CAAGTCGT,Tumor,1056,2031,Maccabi Megalab,FFPE,82.0,F,129
2016_1_14___Hiseq_5_RDB283_CCAACGAA,2016-1-14 - Hiseq-5/RDB283_CCAACGAA,Tumor,1056,2031,Maccabi Megalab,FFPE,59.0,F,130
2016_1_14___Hiseq_5_RDB285_CGACACTT,2016-1-14 - Hiseq-5/RDB285_CGACACTT,Tumor,1056,2031,Maccabi Megalab,FFPE,66.0,F,139
Batch184_RDB173_GCCACTTA,Batch184/RDB173_GCCACTTA,Tumor,1027,2004,Maccabi Megalab,FFPE,71.0,F,104
Batch380_RDB134_CTCCTGAA,Batch380/RDB134_CTCCTGAA,Tumor,1028,2007,Maccabi Megalab,FFPE,50.0,F,51
Batch380_RDB136_CAGGTAAG,Batch380/RDB136_CAGGTAAG,Tumor,1028,2007,Maccabi Megalab,FFPE,60.0,F,92
Batch380_RDB139_TGAGCTGT,Batch380/RDB139_TGAGCTGT,Tumor,1028,2007,Maccabi Megalab,FFPE,62.0,F,98
Batch380_RDB141_AGTTGTGC,Batch380/RDB141_AGTTGTGC,Tumor,1028,2007,Maccabi Megalab,FFPE,41.0,F,99
Batch380_RDB147_TCCTGACT,Batch380/RDB147_TCCTGACT,Tumor,1028,2007,Maccabi Megalab,FFPE,50.0,F,109
