Sample_ID (WIS),Tissue type,Tissue type/Condition #,Material,Center,DNA Extraction batch,PCR batch,Sequencing lane batch,Pat_ID# (WIS),Age,Gender,Barcodes
920,Breast (T),4,FFPE,Maccabi Megalab,1031,2017,7,149,62,F,2015-11-17 - Hiseq-4/RDB10_AGCCAACT
946,Breast (T),4,FFPE,Maccabi Megalab,1036,2019,7,45,49,F,2015-11-17 - Hiseq-4/RDB101_TCAGTAGG
947,Breast (T),4,FFPE,Maccabi Megalab,1036,2019,7,46,56,F,2015-11-17 - Hiseq-4/RDB103_AACTCGGA
948,Breast (T),4,FFPE,Maccabi Megalab,1036,2019,7,50,56,F,2015-11-17 - Hiseq-4/RDB106_CCTCGAAT
949,Breast (T),4,FFPE,Maccabi Megalab,1036,2019,7,53,66,F,2015-11-17 - Hiseq-4/RDB107_CCTCGTTA
950,Breast (T),4,FFPE,Maccabi Megalab,1036,2019,7,54,66,F,2015-11-17 - Hiseq-4/RDB108_CGTCTAAC
921,Breast (T),4,FFPE,Maccabi Megalab,1031,2017,7,151,67,F,2015-11-17 - Hiseq-4/RDB11_TTCGAAGC
951,Breast (T),4,FFPE,Maccabi Megalab,1039,2019,7,55,44,F,2015-11-17 - Hiseq-4/RDB111_ATGCGCTT
952,Breast (T),4,FFPE,Maccabi Megalab,1039,2019,7,56,74,F,2015-11-17 - Hiseq-4/RDB113_CGCGTATT
953,Breast (T),4,FFPE,Maccabi Megalab,1039,2019,7,63,36,F,2015-11-17 - Hiseq-4/RDB117_CTGAACGT
954,Breast (T),4,FFPE,Maccabi Megalab,1039,2019,7,64,45,F,2015-11-17 - Hiseq-4/RDB118_TCATCTCC
955,Breast (T),4,FFPE,Maccabi Megalab,1039,2019,7,68,77,F,2015-11-17 - Hiseq-4/RDB119_TGACAACC
956,Breast (T),4,FFPE,Maccabi Megalab,1039,2019,7,77,54,F,2015-11-17 - Hiseq-4/RDB123_ATGAGTGC
957,Breast (T),4,FFPE,Maccabi Megalab,1039,2019,7,84,50,F,2015-11-17 - Hiseq-4/RDB124_ATGCGTCA
958,Breast (T),4,FFPE,Maccabi Megalab,1039,2019,7,85,46,F,2015-11-17 - Hiseq-4/RDB125_CGAAGTCA
959,Breast (T),4,FFPE,Maccabi Megalab,1039,2019,7,88,63,F,2015-11-17 - Hiseq-4/RDB128_GGACTACT
960,Breast (T),4,FFPE,Maccabi Megalab,1039,2019,7,89,65,F,2015-11-17 - Hiseq-4/RDB129_TCCATTGC
922,Breast (T),4,FFPE,Maccabi Megalab,1031,2017,7,159,58,F,2015-11-17 - Hiseq-4/RDB13_ATCTGACC
915,Breast (T),4,FFPE,Maccabi Megalab,1031,2017,7,124,42,F,2015-11-17 - Hiseq-4/RDB2_ACAAGCTC
923,Breast (T),4,FFPE,Maccabi Megalab,1032,2017,7,273,63,F,2015-11-17 - Hiseq-4/RDB26_CTCTTGTC
924,Breast (T),4,FFPE,Maccabi Megalab,1032,2017,7,279,52,F,2015-11-17 - Hiseq-4/RDB27_GAGTGTGT
925,Breast (T),4,FFPE,Maccabi Megalab,1032,2017,7,293,67,F,2015-11-17 - Hiseq-4/RDB31_TACGGTCT
926,Breast (T),4,FFPE,Maccabi Megalab,1032,2017,7,296,55,F,2015-11-17 - Hiseq-4/RDB32_TTGCAACG
927,Breast (T),4,FFPE,Maccabi Megalab,1032,2017,7,298,49,F,2015-11-17 - Hiseq-4/RDB35_GTGGTATG
928,Breast (T),4,FFPE,Maccabi Megalab,1032,2018,7,302,60,F,2015-11-17 - Hiseq-4/RDB42_GGAAGAGA
929,Breast (T),4,FFPE,Maccabi Megalab,1033,2018,7,52,43,F,2015-11-17 - Hiseq-4/RDB48_AATGACGC
930,Breast (T),4,FFPE,Maccabi Megalab,1033,2018,7,106,62,F,2015-11-17 - Hiseq-4/RDB49_AGAGGATG
917,Breast (T),4,FFPE,Maccabi Megalab,1031,2017,7,138,57,F,2015-11-17 - Hiseq-4/RDB5_GAGTAGAG
931,Breast (T),4,FFPE,Maccabi Megalab,1033,2018,7,116,56,F,2015-11-17 - Hiseq-4/RDB50_GTCGTTAC
932,Breast (T),4,FFPE,Maccabi Megalab,1033,2018,7,128,71,F,2015-11-17 - Hiseq-4/RDB51_CAAGCCAA
933,Breast (T),4,FFPE,Maccabi Megalab,1033,2018,7,239,63,F,2015-11-17 - Hiseq-4/RDB62_GTTCTTCG
934,Breast (T),4,FFPE,Maccabi Megalab,1033,2018,7,244,38,F,2015-11-17 - Hiseq-4/RDB63_TCCGATCA
935,Breast (T),4,FFPE,Maccabi Megalab,1033,2018,7,245,56,F,2015-11-17 - Hiseq-4/RDB64_TTCCTCCT
936,Breast (T),4,FFPE,Maccabi Megalab,1033,2018,7,246,42,F,2015-11-17 - Hiseq-4/RDB66_GACACAGT
918,Breast (T),4,FFPE,Maccabi Megalab,1031,2017,7,142,64,F,2015-11-17 - Hiseq-4/RDB7_GGCATTCT
937,Breast (T),4,FFPE,Maccabi Megalab,1034,2018,7,252,56,F,2015-11-17 - Hiseq-4/RDB70_AGACATGC
938,Breast (T),4,FFPE,Maccabi Megalab,1034,2018,7,265,51,F,2015-11-17 - Hiseq-4/RDB71_ATGACAGG
939,Breast (T),4,FFPE,Maccabi Megalab,1034,2018,7,267,38,F,2015-11-17 - Hiseq-4/RDB72_CACTGTAG
940,Breast (T),4,FFPE,Maccabi Megalab,1034,2018,7,274,59,F,2015-11-17 - Hiseq-4/RDB73_CTGGTCAT
941,Breast (T),4,FFPE,Maccabi Megalab,1034,2018,7,275,53,F,2015-11-17 - Hiseq-4/RDB74_GGAATGTC
942,Breast (T),4,FFPE,Maccabi Megalab,1034,2018,7,277,63,F,2015-11-17 - Hiseq-4/RDB76_TCACGATG
919,Breast (T),4,FFPE,Maccabi Megalab,1031,2017,7,145,60,F,2015-11-17 - Hiseq-4/RDB8_TCTTACGG
943,Breast (T),4,FFPE,Maccabi Megalab,1034,2018,7,295,45,F,2015-11-17 - Hiseq-4/RDB80_CTTACAGC
944,Breast (T),4,FFPE,Maccabi Megalab,1034,2018,7,299,64,F,2015-11-17 - Hiseq-4/RDB82_GGTAACGT
945,Breast (T),4,FFPE,Maccabi Megalab,1034,2019,7,308,51,F,2015-11-17 - Hiseq-4/RDB88_AGATTGCG
996,Breast (T),4,FFPE,Sheba,1059,2034,9,310,66,F,2016-07-15 - Hiseq-6/BC1_CTACCAGG
1004,Breast (T),4,FFPE,Sheba,1059,2034,9,399,67,F,2016-07-15 - Hiseq-6/BC10_GGTCCAGA
1005,Breast (T),4,FFPE,Sheba,1059,2034,9,311,79,F,2016-07-15 - Hiseq-6/BC11_GTATAACA
1006,Breast (T),4,FFPE,Sheba,1059,2034,9,313,72,F,2016-07-15 - Hiseq-6/BC13_AACTTGAC
1007,Breast (T),4,FFPE,Sheba,1059,2034,9,314,59,F,2016-07-15 - Hiseq-6/BC14_CACATCCT
1008,Breast (T),4,FFPE,Sheba,1059,2034,9,315,61,F,2016-07-15 - Hiseq-6/BC15_TCGGAATG
1009,Breast (T),4,FFPE,Sheba,1059,2034,9,316,54,F,2016-07-15 - Hiseq-6/BC16_AAGGATGT
1010,Breast (T),4,FFPE,Sheba,1059,2034,9,317,33,F,2016-07-15 - Hiseq-6/BC17_GCACACGA
1011,Breast (T),4,FFPE,Sheba,1059,2034,9,318,54,F,2016-07-15 - Hiseq-6/BC19_CATAGCGA
997,Breast (T),4,FFPE,Sheba,1059,2034,9,322,33,F,2016-07-15 - Hiseq-6/BC2_CATGCTTA
1012,Breast (T),4,FFPE,Sheba,1059,2034,9,319,32,F,2016-07-15 - Hiseq-6/BC20_CAGGAGCC
1013,Breast (T),4,FFPE,Sheba,1059,2034,9,320,66,F,2016-07-15 - Hiseq-6/BC21_TGTCGGAT
1014,Breast (T),4,FFPE,Sheba,1059,2034,9,321,71,F,2016-07-15 - Hiseq-6/BC22_ATTATGTT
1015,Breast (T),4,FFPE,Sheba,1059,2034,9,323,69,F,2016-07-15 - Hiseq-6/BC23_CCTACCAT
1016,Breast (T),4,FFPE,Sheba,1060,2034,9,324,32,F,2016-07-15 - Hiseq-6/BC25_GAAGAAGT
1017,Breast (T),4,FFPE,Sheba,1060,2034,9,325,65,F,2016-07-15 - Hiseq-6/BC26_AGGATCTA
1018,Breast (T),4,FFPE,Sheba,1060,2034,9,326,53,F,2016-07-15 - Hiseq-6/BC27_GACAGTAA
1019,Breast (T),4,FFPE,Sheba,1060,2034,9,327,70,F,2016-07-15 - Hiseq-6/BC28_CCTATGCC
1020,Breast (T),4,FFPE,Sheba,1060,2034,9,328,56,F,2016-07-15 - Hiseq-6/BC29_TCGCCTTG
998,Breast (T),4,FFPE,Sheba,1059,2034,9,333,59,F,2016-07-15 - Hiseq-6/BC3_GCACATCT
1021,Breast (T),4,FFPE,Sheba,1060,2034,9,329,38,F,2016-07-15 - Hiseq-6/BC31_GTCGCCTT
1022,Breast (T),4,FFPE,Sheba,1060,2034,9,330,39,F,2016-07-15 - Hiseq-6/BC32_ATTCTAGG
1023,Breast (T),4,FFPE,Sheba,1060,2034,9,331,81,F,2016-07-15 - Hiseq-6/BC33_CGTTACCA
1024,Breast (T),4,FFPE,Sheba,1060,2034,9,332,78,F,2016-07-15 - Hiseq-6/BC34_GTCTGATG
1025,Breast (T),4,FFPE,Sheba,1060,2034,9,334,56,F,2016-07-15 - Hiseq-6/BC35_TTACGCAC
1026,Breast (T),4,FFPE,Sheba,1060,2034,9,335,49,F,2016-07-15 - Hiseq-6/BC37_AAGACACT
1027,Breast (T),4,FFPE,Sheba,1060,2034,9,336,45,F,2016-07-15 - Hiseq-6/BC38_CAGCAAGG
1028,Breast (T),4,FFPE,Sheba,1060,2034,9,337,68,F,2016-07-15 - Hiseq-6/BC39_TCCAGCAA
999,Breast (T),4,FFPE,Sheba,1059,2034,9,344,76,F,2016-07-15 - Hiseq-6/BC4_TGCTCGAC
1029,Breast (T),4,FFPE,Sheba,1060,2034,9,338,56,F,2016-07-15 - Hiseq-6/BC40_CCAGAGCT
1030,Breast (T),4,FFPE,Sheba,1060,2034,9,339,49,F,2016-07-15 - Hiseq-6/BC41_TCCTTGGT
1031,Breast (T),4,FFPE,Sheba,1060,2034,9,340,57,F,2016-07-15 - Hiseq-6/BC43_GTCATCTA
1032,Breast (T),4,FFPE,Sheba,1060,2034,9,341,77,F,2016-07-15 - Hiseq-6/BC44_CCTTCGCA
1033,Breast (T),4,FFPE,Sheba,1060,2035,9,342,49,F,2016-07-15 - Hiseq-6/BC48_TAATGAAC
1034,Breast (T),4,FFPE,Sheba,1060,2035,9,343,59,F,2016-07-15 - Hiseq-6/BC49_AACGCATT
1000,Breast (T),4,FFPE,Sheba,1059,2034,9,355,39,F,2016-07-15 - Hiseq-6/BC5_AGCAATTC
1035,Breast (T),4,FFPE,Sheba,1060,2035,9,345,83,F,2016-07-15 - Hiseq-6/BC50_CAACTCTC
1036,Breast (T),4,FFPE,Sheba,1061,2035,9,346,78,F,2016-07-15 - Hiseq-6/BC52_TAAGCACA
1037,Breast (T),4,FFPE,Sheba,1061,2035,9,347,50,F,2016-07-15 - Hiseq-6/BC53_AATGTTCT
1038,Breast (T),4,FFPE,Sheba,1061,2035,9,348,58,F,2016-07-15 - Hiseq-6/BC54_CAGCGGTA
1039,Breast (T),4,FFPE,Sheba,1061,2035,9,349,73,F,2016-07-15 - Hiseq-6/BC55_GACCAGGA
1040,Breast (T),4,FFPE,Sheba,1061,2035,9,350,75,F,2016-07-15 - Hiseq-6/BC56_TATCCAGG
1041,Breast (T),4,FFPE,Sheba,1061,2035,9,351,53,F,2016-07-15 - Hiseq-6/BC58_CCAACATT
1042,Breast (T),4,FFPE,Sheba,1061,2035,9,352,67,F,2016-07-15 - Hiseq-6/BC59_GCCGTCGA
1043,Breast (T),4,FFPE,Sheba,1061,2035,9,353,55,F,2016-07-15 - Hiseq-6/BC60_TATCTGCC
1044,Breast (T),4,FFPE,Sheba,1061,2035,9,354,59,F,2016-07-15 - Hiseq-6/BC61_ACTAAGAC
1045,Breast (T),4,FFPE,Sheba,1061,2035,9,356,65,F,2016-07-15 - Hiseq-6/BC62_CGCCTTCC
1046,Breast (T),4,FFPE,Sheba,1061,2035,9,357,72,F,2016-07-15 - Hiseq-6/BC64_TGCTGCTG
1047,Breast (T),4,FFPE,Sheba,1061,2035,9,358,78,F,2016-07-15 - Hiseq-6/BC65_AGGTAAGG
1049,Breast (T),4,FFPE,Maccabi Megalab,1061,2035,9,125,64,F,2016-07-15 - Hiseq-6/BC67_GTAACATC
1050,Breast (T),4,FFPE,Maccabi Megalab,1061,2035,9,153,74,F,2016-07-15 - Hiseq-6/BC68_TGTAATCA
1001,Breast (T),4,FFPE,Sheba,1059,2034,9,366,58,F,2016-07-15 - Hiseq-6/BC7_CCAGTTAG
1051,Breast (T),4,FFPE,Maccabi Megalab,1061,2035,9,154,74,F,2016-07-15 - Hiseq-6/BC71_GTCCACAG
1052,Breast (T),4,FFPE,Maccabi Megalab,1061,2035,9,160,29,F,2016-07-15 - Hiseq-6/BC73_AACAATGG
1053,Breast (T),4,FFPE,Maccabi Megalab,1061,2035,9,161,72,F,2016-07-15 - Hiseq-6/BC74_ATTCCTCT
1054,Breast (T),4,FFPE,Maccabi Megalab,1062,2035,9,162,63,F,2016-07-15 - Hiseq-6/BC78_CAATAGTC
1002,Breast (T),4,FFPE,Sheba,1059,2034,9,377,34,F,2016-07-15 - Hiseq-6/BC8_TTGAGCCT
1055,Breast (T),4,FFPE,Maccabi Megalab,1062,2035,9,117,51,F,2016-07-15 - Hiseq-6/BC88_TGTAACTC
1056,Breast (T),4,FFPE,Maccabi Megalab,1062,2035,9,118,64,F,2016-07-15 - Hiseq-6/BC89_AGGTCGCA
1003,Breast (T),4,FFPE,Sheba,1059,2034,9,388,45,F,2016-07-15 - Hiseq-6/BC9_ACCAACTG
1057,Breast (T),4,FFPE,Maccabi Megalab,1062,2035,9,122,57,F,2016-07-15 - Hiseq-6/BC91_GCAGCCGT
1103,Breast (T),4,FFPE,Sheba,1067,2038,9,395,48,F,2016-07-15 - Hiseq-6/RDB100_TAAGTGGC
1104,Breast (T),4,FFPE,Sheba,1067,2038,9,396,58,F,2016-07-15 - Hiseq-6/RDB103_AACTCGGA
1106,Breast (T),4,FFPE,Sheba,1067,2038,9,398,46,F,2016-07-15 - Hiseq-6/RDB107_CCTCGTTA
1062,Breast (T),4,FFPE,Maccabi Megalab,1064,2036,9,152,55,F,2016-07-15 - Hiseq-6/RDB11_TTCGAAGC
1108,Breast (T),4,FFPE,Sheba,1068,2038,9,401,65,F,2016-07-15 - Hiseq-6/RDB112_CGAGAGAA
1109,Breast (T),4,FFPE,Sheba,1068,2038,9,402,57,M,2016-07-15 - Hiseq-6/RDB115_CTAGGTTG
1110,Breast (T),4,FFPE,Sheba,1068,2038,9,403,79,F,2016-07-15 - Hiseq-6/RDB117_CTGAACGT
1111,Breast (T),4,FFPE,Sheba,1068,2038,9,404,51,F,2016-07-15 - Hiseq-6/RDB119_TGACAACC
1112,Breast (T),4,FFPE,Sheba,1068,2038,9,405,59,M,2016-07-15 - Hiseq-6/RDB122_AGAGCAGA
1113,Breast (T),4,FFPE,Sheba,1068,2038,9,406,68,F,2016-07-15 - Hiseq-6/RDB124_ATGCGTCA
1114,Breast (T),4,FFPE,Sheba,1068,2038,9,407,46,F,2016-07-15 - Hiseq-6/RDB125_CGAAGTCA
1116,Breast (T),4,FFPE,Sheba,1068,2038,9,409,51,F,2016-07-15 - Hiseq-6/RDB130_AGCCGTAA
1119,Breast (T),4,FFPE,Sheba,1070,2038,9,312,50,F,2016-07-15 - Hiseq-6/RDB133_ATGGCGAT
1063,Breast (T),4,FFPE,Maccabi Megalab,1064,2036,9,155,39,F,2016-07-15 - Hiseq-6/RDB14_ATTAGCCG
1120,Breast (T),4,FFPE,Maccabi Megalab,1070,2039,9,168,88,F,2016-07-15 - Hiseq-6/RDB140_TGCTGTGA
1121,Breast (T),4,FFPE,Maccabi Megalab,1070,2039,9,169,38,F,2016-07-15 - Hiseq-6/RDB143_CAGGTTCA
1122,Breast (T),4,FFPE,Maccabi Megalab,1070,2039,9,170,44,F,2016-07-15 - Hiseq-6/RDB146_GTTATGGC
1123,Breast (T),4,FFPE,Maccabi Megalab,1070,2039,9,171,46,F,2016-07-15 - Hiseq-6/RDB149_TGAGACGA
1064,Breast (T),4,FFPE,Maccabi Megalab,1064,2036,9,156,60,F,2016-07-15 - Hiseq-6/RDB16_GAGCAATC
1065,Breast (T),4,FFPE,Maccabi Megalab,1064,2036,9,157,79,F,2016-07-15 - Hiseq-6/RDB19_AACACCAC
1058,Breast (T),4,FFPE,Maccabi Megalab,1062,2036,9,132,63,F,2016-07-15 - Hiseq-6/RDB2_ACAAGCTC
1117,Breast (T),4,Snap,Sheba,1069,2040,9,421,40,F,2016-07-15 - Hiseq-6/RDB201_TACTCCAG
1118,Breast (T),4,Snap,Sheba,1069,2040,9,411,50,F,2016-07-15 - Hiseq-6/RDB202_TCCACGTT
1066,Breast (T),4,FFPE,Maccabi Megalab,1064,2036,9,158,36,F,2016-07-15 - Hiseq-6/RDB21_ATAGAGCG
1124,Breast (T),4,Snap,Sheba,1073,2040,9,410,40,F,2016-07-15 - Hiseq-6/RDB211_AGCTTCAG
1125,Breast (T),4,Snap,Sheba,1073,2040,9,432,42,F,2016-07-15 - Hiseq-6/RDB212_AGGAGGTT
1126,Breast (T),4,Snap,Sheba,1073,2040,9,456,45,F,2016-07-15 - Hiseq-6/RDB213_AGGTTCCT
1127,Breast (T),4,Snap,Sheba,1073,2040,9,458,46,F,2016-07-15 - Hiseq-6/RDB214_AGTACACG
1128,Breast (T),4,Snap,Sheba,1073,2040,9,457,46,F,2016-07-15 - Hiseq-6/RDB215_AGTCGAAG
1129,Breast (T),4,Snap,Sheba,1073,2040,9,453,43,F,2016-07-15 - Hiseq-6/RDB217_CAACGAGT
1130,Breast (T),4,Snap,Sheba,1073,2040,9,443,42,F,2016-07-15 - Hiseq-6/RDB218_CACCAGTT
1131,Breast (T),4,Snap,Sheba,1073,2040,9,459,47,F,2016-07-15 - Hiseq-6/RDB219_CCTTAGGT
1132,Breast (T),4,Snap,Sheba,1073,2040,9,412,50,F,2016-07-15 - Hiseq-6/RDB220_CGACCTAA
1133,Breast (T),4,Snap,Sheba,1073,2040,9,419,61,F,2016-07-15 - Hiseq-6/RDB221_CGATCGAT
1134,Breast (T),4,Snap,Sheba,1073,2040,9,428,66,F,2016-07-15 - Hiseq-6/RDB224_GAAGATCC
1135,Breast (T),4,Snap,Sheba,1073,2040,9,422,66,F,2016-07-15 - Hiseq-6/RDB225_GACGTCAT
1136,Breast (T),4,Snap,Sheba,1073,2040,9,448,74,F,2016-07-15 - Hiseq-6/RDB226_GAGAAGGT
1137,Breast (T),4,Snap,Sheba,1073,2040,9,429,73,F,2016-07-15 - Hiseq-6/RDB227_GATCAGAC
1138,Breast (T),4,Snap,Sheba,1073,2040,9,438,74,F,2016-07-15 - Hiseq-6/RDB229_GCTAAGGA
1067,Breast (T),4,FFPE,Maccabi Megalab,1064,2036,9,164,42,F,2016-07-15 - Hiseq-6/RDB23_TATGCGGT
1139,Breast (T),4,Snap,Sheba,1073,2040,9,427,43,F,2016-07-15 - Hiseq-6/RDB230_GCTCAGTT
1140,Breast (T),4,Snap,Sheba,1073,2041,9,440,63,F,2016-07-15 - Hiseq-6/RDB234_TACGACGT
1141,Breast (T),4,Snap,Sheba,1073,2041,9,439,77,F,2016-07-15 - Hiseq-6/RDB235_TAGCTGAG
1142,Breast (T),4,Snap,Sheba,1073,2041,9,420,56,F,2016-07-15 - Hiseq-6/RDB236_TAGTCTCG
1143,Breast (T),4,Snap,Sheba,1074,2041,9,414,45,F,2016-07-15 - Hiseq-6/RDB238_TCGATGAC
1144,Breast (T),4,Snap,Sheba,1074,2041,9,413,81,F,2016-07-15 - Hiseq-6/RDB239_AACCACTC
1145,Breast (T),4,Snap,Sheba,1074,2041,9,431,45,F,2016-07-15 - Hiseq-6/RDB240_AAGGACCA
1146,Breast (T),4,Snap,Sheba,1074,2041,9,416,56,F,2016-07-15 - Hiseq-6/RDB241_ACACCGAT
1147,Breast (T),4,Snap,Sheba,1074,2041,9,433,71,F,2016-07-15 - Hiseq-6/RDB242_ACACTCTG
1148,Breast (T),4,Snap,Sheba,1074,2041,9,415,83,F,2016-07-15 - Hiseq-6/RDB244_ACGAATCC
1149,Breast (T),4,Snap,Sheba,1074,2041,9,423,52,F,2016-07-15 - Hiseq-6/RDB245_AGAAGTGG
1150,Breast (T),4,Snap,Sheba,1074,2041,9,450,35,F,2016-07-15 - Hiseq-6/RDB246_AGCTAGTG
1151,Breast (T),4,Snap,Sheba,1074,2041,9,426,77,F,2016-07-15 - Hiseq-6/RDB247_AGGAACAC
1152,Breast (T),4,Snap,Sheba,1074,2041,9,454,29,F,2016-07-15 - Hiseq-6/RDB248_AGTCAGGT
1153,Breast (T),4,Snap,Sheba,1074,2041,9,424,61,F,2016-07-15 - Hiseq-6/RDB250_CAACACAG
1154,Breast (T),4,Snap,Sheba,1074,2041,9,430,60,F,2016-07-15 - Hiseq-6/RDB251_CACGTCTA
1155,Breast (T),4,Snap,Sheba,1074,2041,9,425,57,M,2016-07-15 - Hiseq-6/RDB252_CAGCATAC
1156,Breast (T),4,Snap,Sheba,1074,2041,9,444,39,F,2016-07-15 - Hiseq-6/RDB253_CATCAACC
1157,Breast (T),4,Snap,Sheba,1074,2041,9,442,47,F,2016-07-15 - Hiseq-6/RDB254_CATCACGT
1158,Breast (T),4,Snap,Sheba,1074,2041,9,455,50,F,2016-07-15 - Hiseq-6/RDB256_CCACATTG
1159,Breast (T),4,Snap,Sheba,1074,2041,9,441,80,F,2016-07-15 - Hiseq-6/RDB257_CCGAAGAT
1160,Breast (T),4,Snap,Sheba,1074,2041,9,452,43,F,2016-07-15 - Hiseq-6/RDB258_CTGACTAC
1161,Breast (T),4,Snap,Sheba,1074,2041,9,449,62,F,2016-07-15 - Hiseq-6/RDB259_CTTCGCAA
1068,Breast (T),4,FFPE,Maccabi Megalab,1064,2036,9,165,41,F,2016-07-15 - Hiseq-6/RDB26_CTCTTGTC
1162,Breast (T),4,Snap,Sheba,1074,2041,9,451,67,F,2016-07-15 - Hiseq-6/RDB260_GCAATGAG
1171,Breast (T),4,Snap,Sheba,1076,2041,9,436,54,F,2016-07-15 - Hiseq-6/RDB262_GGTCACTA
1172,Breast (T),4,Snap,Sheba,1076,2041,9,417,81,F,2016-07-15 - Hiseq-6/RDB263_GTCCTGTT
1173,Breast (T),4,Snap,Sheba,1076,2041,9,445,67,F,2016-07-15 - Hiseq-6/RDB264_TACACACG
1174,Breast (T),4,Snap,Sheba,1076,2041,9,446,72,F,2016-07-15 - Hiseq-6/RDB265_TAGTGGTG
1175,Breast (T),4,Snap,Sheba,1076,2041,9,434,64,F,2016-07-15 - Hiseq-6/RDB266_AACAGTCC
1176,Breast (T),4,Snap,Sheba,1076,2041,9,447,52,F,2016-07-15 - Hiseq-6/RDB268_AAGCTCAC
1177,Breast (T),4,Snap,Sheba,1076,2041,9,435,46,F,2016-07-15 - Hiseq-6/RDB269_AAGGCGTA
1178,Breast (T),4,Snap,Sheba,1076,2041,9,418,73,F,2016-07-15 - Hiseq-6/RDB270_AATCGCTG
1179,Breast (T),4,Snap,Sheba,1076,2041,9,437,40,F,2016-07-15 - Hiseq-6/RDB271_ACACGAGA
1069,Breast (T),4,FFPE,Maccabi Megalab,1064,2036,9,166,80,F,2016-07-15 - Hiseq-6/RDB28_GCATCCTA
1070,Breast (T),4,FFPE,Sheba,1065,2036,9,359,73,F,2016-07-15 - Hiseq-6/RDB31_TACGGTCT
1184,Breast (T),4,FFPE,Maccabi Megalab,1079,2043,9,176,39,F,2016-07-15 - Hiseq-6/RDB311_ACTGCGAA
1185,Breast (T),4,FFPE,Maccabi Megalab,1079,2043,9,177,32,F,2016-07-15 - Hiseq-6/RDB313_AGAGACTC
1071,Breast (T),4,FFPE,Sheba,1065,2036,9,360,52,F,2016-07-15 - Hiseq-6/RDB32_TTGCAACG
1073,Breast (T),4,FFPE,Sheba,1065,2036,9,362,75,F,2016-07-15 - Hiseq-6/RDB34_CTATCCAC
1074,Breast (T),4,FFPE,Sheba,1065,2036,9,363,73,F,2016-07-15 - Hiseq-6/RDB35_GTGGTATG
1075,Breast (T),4,FFPE,Sheba,1065,2036,9,364,50,F,2016-07-15 - Hiseq-6/RDB37_TAGAACGC
1076,Breast (T),4,FFPE,Sheba,1065,2036,9,365,52,F,2016-07-15 - Hiseq-6/RDB38_TATGACCG
1059,Breast (T),4,FFPE,Maccabi Megalab,1062,2036,9,133,61,F,2016-07-15 - Hiseq-6/RDB4_TCAGACAC
1077,Breast (T),4,FFPE,Sheba,1065,2036,9,367,61,F,2016-07-15 - Hiseq-6/RDB40_CGGCATTA
1078,Breast (T),4,FFPE,Sheba,1065,2036,9,368,41,F,2016-07-15 - Hiseq-6/RDB41_GAAGACTG
1079,Breast (T),4,FFPE,Sheba,1065,2037,9,369,65,F,2016-07-15 - Hiseq-6/RDB46_GATCTTGC
1080,Breast (T),4,FFPE,Sheba,1065,2037,9,370,51,F,2016-07-15 - Hiseq-6/RDB47_TACTAGCG
1081,Breast (T),4,FFPE,Sheba,1065,2037,9,371,65,F,2016-07-15 - Hiseq-6/RDB48_AATGACGC
1083,Breast (T),4,FFPE,Sheba,1065,2037,9,373,64,F,2016-07-15 - Hiseq-6/RDB50_GTCGTTAC
1084,Breast (T),4,FFPE,Sheba,1065,2037,9,374,41,F,2016-07-15 - Hiseq-6/RDB53_CATTGACG
1085,Breast (T),4,FFPE,Sheba,1065,2037,9,375,59,F,2016-07-15 - Hiseq-6/RDB55_GTATTCCG
1086,Breast (T),4,FFPE,Sheba,1066,2037,9,376,57,F,2016-07-15 - Hiseq-6/RDB59_GCCTTCTT
1087,Breast (T),4,FFPE,Sheba,1066,2037,9,378,38,F,2016-07-15 - Hiseq-6/RDB61_GTATCGAG
1088,Breast (T),4,FFPE,Sheba,1066,2037,9,380,56,F,2016-07-15 - Hiseq-6/RDB62_GTTCTTCG
1089,Breast (T),4,FFPE,Sheba,1066,2037,9,381,59,F,2016-07-15 - Hiseq-6/RDB65_GAATGGCA
1090,Breast (T),4,FFPE,Sheba,1066,2037,9,382,66,F,2016-07-15 - Hiseq-6/RDB67_TACATCGG
1060,Breast (T),4,FFPE,Maccabi Megalab,1064,2036,9,136,61,F,2016-07-15 - Hiseq-6/RDB7_GGCATTCT
1091,Breast (T),4,FFPE,Sheba,1066,2037,9,383,52,F,2016-07-15 - Hiseq-6/RDB70_AGACATGC
1092,Breast (T),4,FFPE,Sheba,1066,2037,9,384,53,F,2016-07-15 - Hiseq-6/RDB71_ATGACAGG
1093,Breast (T),4,FFPE,Sheba,1066,2037,9,385,48,F,2016-07-15 - Hiseq-6/RDB72_CACTGTAG
1094,Breast (T),4,FFPE,Sheba,1066,2037,9,386,80,F,2016-07-15 - Hiseq-6/RDB74_GGAATGTC
1095,Breast (T),4,FFPE,Sheba,1066,2037,9,387,53,F,2016-07-15 - Hiseq-6/RDB77_TCTAGGAG
1096,Breast (T),4,FFPE,Sheba,1066,2037,9,389,57,F,2016-07-15 - Hiseq-6/RDB80_CTTACAGC
1097,Breast (T),4,FFPE,Sheba,1067,2037,9,379,67,F,2016-07-15 - Hiseq-6/RDB83_TAGTGCCA
1098,Breast (T),4,FFPE,Sheba,1067,2037,9,390,43,F,2016-07-15 - Hiseq-6/RDB85_AAGCCTGA
1099,Breast (T),4,FFPE,Sheba,1067,2037,9,391,73,F,2016-07-15 - Hiseq-6/RDB86_AAGTCCTC
1100,Breast (T),4,FFPE,Sheba,1067,2037,9,392,65,F,2016-07-15 - Hiseq-6/RDB89_CACGATTC
1061,Breast (T),4,FFPE,Maccabi Megalab,1064,2036,9,140,49,F,2016-07-15 - Hiseq-6/RDB9_GGTACGAA
1101,Breast (T),4,FFPE,Sheba,1067,2038,9,393,45,F,2016-07-15 - Hiseq-6/RDB95_CTGCCATA
1102,Breast (T),4,FFPE,Sheba,1067,2038,9,394,68,F,2016-07-15 - Hiseq-6/RDB98_GTGTGTTC
1181,Breast (T),4,FFPE,Maccabi Megalab,1079,2046,10,173,51,F,2016-10-13 - Hiseq-7/BC96_TTATATCT
1221,Breast (T),4,FFPE,Maccabi Megalab,1087,2048,10,223,47,F,2016-10-13 - Hiseq-7/RDB101_TCAGTAGG
1222,Breast (T),4,FFPE,Maccabi Megalab,1087,2048,10,224,82,F,2016-10-13 - Hiseq-7/RDB103_AACTCGGA
1223,Breast (T),4,FFPE,Maccabi Megalab,1087,2048,10,226,64,F,2016-10-13 - Hiseq-7/RDB107_CCTCGTTA
1187,Breast (T),4,FFPE,Maccabi Megalab,1081,2046,10,179,41,F,2016-10-13 - Hiseq-7/RDB11_TTCGAAGC
1224,Breast (T),4,FFPE,Maccabi Megalab,1087,2048,10,228,48,F,2016-10-13 - Hiseq-7/RDB110_GTAAGGTG
1225,Breast (T),4,FFPE,Maccabi Megalab,1088,2048,10,227,81,F,2016-10-13 - Hiseq-7/RDB114_CGTGTGAT
1226,Breast (T),4,FFPE,Maccabi Megalab,1088,2048,10,230,76,F,2016-10-13 - Hiseq-7/RDB116_CTCTATCG
1227,Breast (T),4,FFPE,Maccabi Megalab,1088,2048,10,232,47,F,2016-10-13 - Hiseq-7/RDB118_TCATCTCC
1188,Breast (T),4,FFPE,Maccabi Megalab,1081,2046,10,180,66,F,2016-10-13 - Hiseq-7/RDB16_GAGCAATC
1189,Breast (T),4,FFPE,Maccabi Megalab,1081,2046,10,181,46,F,2016-10-13 - Hiseq-7/RDB18_ACTCCTAC
1190,Breast (T),4,FFPE,Maccabi Megalab,1081,2046,10,182,60,F,2016-10-13 - Hiseq-7/RDB19_AACACCAC
1163,Breast (T),4,FFPE,Sheba,1075,2051,10,33,N/A,F,2016-10-13 - Hiseq-7/RDB212_AGGAGGTT
1164,Breast (T),4,FFPE,Sheba,1075,2051,10,35,N/A,F,2016-10-13 - Hiseq-7/RDB217_CAACGAGT
1191,Breast (T),4,FFPE,Maccabi Megalab,1081,2046,10,183,61,F,2016-10-13 - Hiseq-7/RDB22_GGCTCAAT
1165,Breast (T),4,FFPE,Sheba,1075,2051,10,34,N/A,F,2016-10-13 - Hiseq-7/RDB220_CGACCTAA
1166,Breast (T),4,FFPE,Sheba,1075,2051,10,28,N/A,F,2016-10-13 - Hiseq-7/RDB224_GAAGATCC
1167,Breast (T),4,FFPE,Sheba,1075,2051,10,31,N/A,F,2016-10-13 - Hiseq-7/RDB227_GATCAGAC
1168,Breast (T),4,FFPE,Sheba,1075,2051,10,29,N/A,F,2016-10-13 - Hiseq-7/RDB232_GGATCTGA
1169,Breast (T),4,FFPE,Sheba,1075,2051,10,30,N/A,F,2016-10-13 - Hiseq-7/RDB233_GTTCCATG
1170,Breast (T),4,FFPE,Sheba,1075,2051,10,36,N/A,F,2016-10-13 - Hiseq-7/RDB234_TACGACGT
1192,Breast (T),4,FFPE,Maccabi Megalab,1081,2046,10,184,62,F,2016-10-13 - Hiseq-7/RDB24_TGCGATAG
1193,Breast (T),4,FFPE,Maccabi Megalab,1081,2046,10,186,52,F,2016-10-13 - Hiseq-7/RDB29_GGATTCAC
1194,Breast (T),4,FFPE,Maccabi Megalab,1085,2046,10,188,42,F,2016-10-13 - Hiseq-7/RDB35_GTGGTATG
1195,Breast (T),4,FFPE,Maccabi Megalab,1085,2046,10,189,49,F,2016-10-13 - Hiseq-7/RDB37_TAGAACGC
1196,Breast (T),4,FFPE,Maccabi Megalab,1085,2046,10,191,37,F,2016-10-13 - Hiseq-7/RDB39_ACGCAGTA
1182,Breast (T),4,FFPE,Maccabi Megalab,1079,2046,10,174,62,F,2016-10-13 - Hiseq-7/RDB4_TCAGACAC
1197,Breast (T),4,FFPE,Maccabi Megalab,1085,2046,10,193,71,F,2016-10-13 - Hiseq-7/RDB43_TGTCAGTG
1198,Breast (T),4,FFPE,Maccabi Megalab,1085,2046,10,194,55,F,2016-10-13 - Hiseq-7/RDB44_ACGGACTT
1199,Breast (T),4,FFPE,Maccabi Megalab,1085,2047,10,195,46,F,2016-10-13 - Hiseq-7/RDB48_AATGACGC
1200,Breast (T),4,FFPE,Maccabi Megalab,1085,2047,10,196,60,F,2016-10-13 - Hiseq-7/RDB50_GTCGTTAC
1201,Breast (T),4,FFPE,Maccabi Megalab,1085,2047,10,197,53,F,2016-10-13 - Hiseq-7/RDB51_CAAGCCAA
1202,Breast (T),4,FFPE,Maccabi Megalab,1085,2047,10,198,64,F,2016-10-13 - Hiseq-7/RDB55_GTATTCCG
1203,Breast (T),4,FFPE,Maccabi Megalab,1085,2047,10,199,85,F,2016-10-13 - Hiseq-7/RDB57_CCGTAACT
1204,Breast (T),4,FFPE,Maccabi Megalab,1085,2047,10,200,61,F,2016-10-13 - Hiseq-7/RDB58_GATACCTG
1183,Breast (T),4,FFPE,Maccabi Megalab,1079,2046,10,175,41,F,2016-10-13 - Hiseq-7/RDB6_AACCTACG
1205,Breast (T),4,FFPE,Maccabi Megalab,1086,2047,10,201,51,F,2016-10-13 - Hiseq-7/RDB62_GTTCTTCG
1206,Breast (T),4,FFPE,Maccabi Megalab,1086,2047,10,202,59,F,2016-10-13 - Hiseq-7/RDB65_GAATGGCA
1207,Breast (T),4,FFPE,Maccabi Megalab,1086,2047,10,203,63,F,2016-10-13 - Hiseq-7/RDB67_TACATCGG
1208,Breast (T),4,FFPE,Maccabi Megalab,1086,2047,10,204,63,F,2016-10-13 - Hiseq-7/RDB69_TTGCTTGG
1209,Breast (T),4,FFPE,Maccabi Megalab,1086,2047,10,205,62,F,2016-10-13 - Hiseq-7/RDB71_ATGACAGG
1210,Breast (T),4,FFPE,Maccabi Megalab,1086,2047,10,206,46,F,2016-10-13 - Hiseq-7/RDB74_GGAATGTC
1211,Breast (T),4,FFPE,Maccabi Megalab,1086,2047,10,207,61,F,2016-10-13 - Hiseq-7/RDB76_TCACGATG
1212,Breast (T),4,FFPE,Maccabi Megalab,1086,2047,10,208,52,F,2016-10-13 - Hiseq-7/RDB80_CTTACAGC
1213,Breast (T),4,FFPE,Maccabi Megalab,1086,2047,10,209,49,F,2016-10-13 - Hiseq-7/RDB82_GGTAACGT
1214,Breast (T),4,FFPE,Maccabi Megalab,1086,2047,10,214,39,F,2016-10-13 - Hiseq-7/RDB83_TAGTGCCA
1215,Breast (T),4,FFPE,Maccabi Megalab,1087,2047,10,215,61,F,2016-10-13 - Hiseq-7/RDB87_ACGAGAAC
1216,Breast (T),4,FFPE,Maccabi Megalab,1087,2047,10,216,50,F,2016-10-13 - Hiseq-7/RDB88_AGATTGCG
1186,Breast (T),4,FFPE,Maccabi Megalab,1081,2046,10,178,64,F,2016-10-13 - Hiseq-7/RDB9_GGTACGAA
1217,Breast (T),4,FFPE,Maccabi Megalab,1087,2047,10,217,56,F,2016-10-13 - Hiseq-7/RDB90_CCGATGTA
1218,Breast (T),4,FFPE,Maccabi Megalab,1087,2048,10,220,60,F,2016-10-13 - Hiseq-7/RDB95_CTGCCATA
1219,Breast (T),4,FFPE,Maccabi Megalab,1087,2048,10,221,56,F,2016-10-13 - Hiseq-7/RDB97_GTAACCGA
1220,Breast (T),4,FFPE,Maccabi Megalab,1087,2048,10,222,64,F,2016-10-13 - Hiseq-7/RDB99_GTTAAGCG
1231,Breast (T),4,Snap,Rambam,1097,2056,11,3,49,F,2016-11-30 - Hiseq-8/RDB10_AGCCAACT
1232,Breast (T),4,Snap,Rambam,1097,2056,11,10,72,F,2016-11-30 - Hiseq-8/RDB12_ATCCACGA
1233,Breast (T),4,Snap,Rambam,1097,2056,11,2,70,F,2016-11-30 - Hiseq-8/RDB16_GAGCAATC
1234,Breast (T),4,Snap,Rambam,1097,2056,11,11,51,F,2016-11-30 - Hiseq-8/RDB18_ACTCCTAC
1235,Breast (T),4,Snap,Rambam,1097,2056,11,8,55,F,2016-11-30 - Hiseq-8/RDB21_ATAGAGCG
1236,Breast (T),4,Snap,Rambam,1097,2056,11,5,64,F,2016-11-30 - Hiseq-8/RDB22_GGCTCAAT
1237,Breast (T),4,Snap,Rambam,1097,2056,11,1,73,F,2016-11-30 - Hiseq-8/RDB23_TATGCGGT
1238,Breast (T),4,Snap,Rambam,1097,2056,11,4,66,F,2016-11-30 - Hiseq-8/RDB25_CCTATTGG
1228,Breast (T),4,Snap,Rambam,1097,2056,11,6,68,F,2016-11-30 - Hiseq-8/RDB3_CGGAGTAT
1229,Breast (T),4,Snap,Rambam,1097,2056,11,9,76,F,2016-11-30 - Hiseq-8/RDB4_TCAGACAC
1239,Breast (T),4,Snap,Rambam,1099,2057,11,13,70,F,2016-11-30 - Hiseq-8/RDB46_GATCTTGC
1240,Breast (T),4,Snap,Rambam,1099,2057,11,20,56,F,2016-11-30 - Hiseq-8/RDB47_TACTAGCG
1241,Breast (T),4,Snap,Rambam,1099,2057,11,23,67,F,2016-11-30 - Hiseq-8/RDB48_AATGACGC
1242,Breast (T),4,Snap,Rambam,1099,2057,11,22,38,F,2016-11-30 - Hiseq-8/RDB49_AGAGGATG
1243,Breast (T),4,Snap,Rambam,1099,2057,11,16,75,F,2016-11-30 - Hiseq-8/RDB52_CATGTGTG
1244,Breast (T),4,Snap,Rambam,1099,2057,11,15,81,F,2016-11-30 - Hiseq-8/RDB53_CATTGACG
1245,Breast (T),4,Snap,Rambam,1099,2057,11,24,32,F,2016-11-30 - Hiseq-8/RDB54_GGTTGGTA
1246,Breast (T),4,Snap,Rambam,1099,2057,11,12,54,F,2016-11-30 - Hiseq-8/RDB58_GATACCTG
1247,Breast (T),4,Snap,Rambam,1099,2057,11,17,45,F,2016-11-30 - Hiseq-8/RDB59_GCCTTCTT
1248,Breast (T),4,Snap,Rambam,1099,2057,11,21,46,F,2016-11-30 - Hiseq-8/RDB62_GTTCTTCG
1249,Breast (T),4,Snap,Rambam,1099,2057,11,14,67,F,2016-11-30 - Hiseq-8/RDB63_TCCGATCA
1250,Breast (T),4,Snap,Rambam,1099,2057,11,25,54,F,2016-11-30 - Hiseq-8/RDB65_GAATGGCA
1251,Breast (T),4,Snap,Rambam,1100,2057,11,27,65,F,2016-11-30 - Hiseq-8/RDB80_CTTACAGC
1252,Breast (T),4,Snap,Rambam,1100,2057,11,26,57,F,2016-11-30 - Hiseq-8/RDB81_GAACGGTT
1253,Breast (T),4,Snap,Rambam,1100,2057,11,19,54,F,2016-11-30 - Hiseq-8/RDB82_GGTAACGT
1254,Breast (T),4,Snap,Rambam,1100,2057,11,18,69,F,2016-11-30 - Hiseq-8/RDB88_AGATTGCG
1230,Breast (T),4,Snap,Rambam,1097,2056,11,7,76,F,2016-11-30 - Hiseq-8/RDB9_GGTACGAA
991,Breast (T),4,FFPE,Maccabi Megalab,1056,2031,8,141,51,F,2016-1-14 - Hiseq-5/BC1_CTACCAGG
995,Breast (T),4,FFPE,Maccabi Megalab,1057,2031,8,150,74,F,2016-1-14 - Hiseq-5/BC12_TTCGCTGA
992,Breast (T),4,FFPE,Maccabi Megalab,1056,2031,8,144,47,F,2016-1-14 - Hiseq-5/BC3_GCACATCT
993,Breast (T),4,FFPE,Maccabi Megalab,1056,2031,8,146,40,F,2016-1-14 - Hiseq-5/BC6_AGTTGCTT
994,Breast (T),4,FFPE,Maccabi Megalab,1056,2031,8,147,72,F,2016-1-14 - Hiseq-5/BC8_TTGAGCCT
961,Breast (T),4,FFPE,Maccabi Megalab,1054,2029,8,47,65,F,2016-1-14 - Hiseq-5/RDB201_TACTCCAG
962,Breast (T),4,FFPE,Maccabi Megalab,1054,2029,8,48,48,F,2016-1-14 - Hiseq-5/RDB205_AAGAGGCA
963,Breast (T),4,FFPE,Maccabi Megalab,1054,2029,8,59,76,F,2016-1-14 - Hiseq-5/RDB209_AGAAGGAC
964,Breast (T),4,FFPE,Maccabi Megalab,1054,2029,8,60,53,F,2016-1-14 - Hiseq-5/RDB211_AGCTTCAG
965,Breast (T),4,FFPE,Maccabi Megalab,1054,2029,8,61,46,F,2016-1-14 - Hiseq-5/RDB213_AGGTTCCT
966,Breast (T),4,FFPE,Maccabi Megalab,1054,2030,8,62,45,F,2016-1-14 - Hiseq-5/RDB220_CGACCTAA
967,Breast (T),4,FFPE,Maccabi Megalab,1054,2030,8,62,45,F,2016-1-14 - Hiseq-5/RDB221_CGATCGAT
968,Breast (T),4,FFPE,Maccabi Megalab,1054,2030,8,70,84,F,2016-1-14 - Hiseq-5/RDB224_GAAGATCC
969,Breast (T),4,FFPE,Maccabi Megalab,1054,2030,8,73,64,F,2016-1-14 - Hiseq-5/RDB226_GAGAAGGT
970,Breast (T),4,FFPE,Maccabi Megalab,1054,2030,8,74,47,F,2016-1-14 - Hiseq-5/RDB228_GATGCTAC
971,Breast (T),4,FFPE,Maccabi Megalab,1054,2030,8,78,68,F,2016-1-14 - Hiseq-5/RDB231_GGACAGAT
973,Breast (T),4,FFPE,Maccabi Megalab,1054,2030,8,80,57,F,2016-1-14 - Hiseq-5/RDB236_TAGTCTCG
974,Breast (T),4,FFPE,Maccabi Megalab,1054,2030,8,81,64,F,2016-1-14 - Hiseq-5/RDB238_TCGATGAC
975,Breast (T),4,FFPE,Maccabi Megalab,1054,2030,8,82,44,F,2016-1-14 - Hiseq-5/RDB240_AAGGACCA
976,Breast (T),4,FFPE,Maccabi Megalab,1054,2030,8,90,53,F,2016-1-14 - Hiseq-5/RDB243_ACATGCCA
977,Breast (T),4,FFPE,Maccabi Megalab,1054,2030,8,91,41,F,2016-1-14 - Hiseq-5/RDB245_AGAAGTGG
978,Breast (T),4,FFPE,Maccabi Megalab,1055,2030,8,95,53,F,2016-1-14 - Hiseq-5/RDB249_ATCATGCG
979,Breast (T),4,FFPE,Maccabi Megalab,1055,2030,8,96,64,F,2016-1-14 - Hiseq-5/RDB252_CAGCATAC
980,Breast (T),4,FFPE,Maccabi Megalab,1055,2030,8,102,42,F,2016-1-14 - Hiseq-5/RDB254_CATCACGT
981,Breast (T),4,FFPE,Maccabi Megalab,1055,2030,8,105,65,F,2016-1-14 - Hiseq-5/RDB256_CCACATTG
982,Breast (T),4,FFPE,Maccabi Megalab,1055,2030,8,114,36,F,2016-1-14 - Hiseq-5/RDB261_GCAATTCC
983,Breast (T),4,FFPE,Maccabi Megalab,1055,2031,8,115,65,F,2016-1-14 - Hiseq-5/RDB269_AAGGCGTA
984,Breast (T),4,FFPE,Maccabi Megalab,1055,2031,8,120,73,F,2016-1-14 - Hiseq-5/RDB271_ACACGAGA
985,Breast (T),4,FFPE,Maccabi Megalab,1055,2031,8,123,27,F,2016-1-14 - Hiseq-5/RDB273_ACCAAGCA
986,Breast (T),4,FFPE,Maccabi Megalab,1056,2031,8,126,66,F,2016-1-14 - Hiseq-5/RDB276_AGAAGCCT
987,Breast (T),4,FFPE,Maccabi Megalab,1056,2031,8,127,62,F,2016-1-14 - Hiseq-5/RDB278_ATGCCTAG
988,Breast (T),4,FFPE,Maccabi Megalab,1056,2031,8,129,82,F,2016-1-14 - Hiseq-5/RDB281_CAAGTCGT
989,Breast (T),4,FFPE,Maccabi Megalab,1056,2031,8,130,59,F,2016-1-14 - Hiseq-5/RDB283_CCAACGAA
990,Breast (T),4,FFPE,Maccabi Megalab,1056,2031,8,139,66,F,2016-1-14 - Hiseq-5/RDB285_CGACACTT
900,Breast (T),4,FFPE,Maccabi Megalab,1024,2004,5,49,41,F,Batch184/RDB120_TGCACTTG
907,Breast (T),4,FFPE,Maccabi Megalab,1027,2004,5,104,71,F,Batch184/RDB173_GCCACTTA
910,Breast (T),4,FFPE,Maccabi Megalab,1028,2007,6,51,50,F,Batch380/RDB134_CTCCTGAA
911,Breast (T),4,FFPE,Maccabi Megalab,1028,2007,6,92,60,F,Batch380/RDB136_CAGGTAAG
912,Breast (T),4,FFPE,Maccabi Megalab,1028,2007,6,98,62,F,Batch380/RDB139_TGAGCTGT
913,Breast (T),4,FFPE,Maccabi Megalab,1028,2007,6,99,41,F,Batch380/RDB141_AGTTGTGC
914,Breast (T),4,FFPE,Maccabi Megalab,1028,2007,6,109,50,F,Batch380/RDB147_TCCTGACT
1505,Lung (T),6,FFPE,Sheba,1041,2020,7,1029,76,M,2015-11-17 - Hiseq-4/RDB150_AAGCTGGT
1506,Lung (T),6,FFPE,Sheba,1041,2020,7,1014,77,M,2015-11-17 - Hiseq-4/RDB153_ACGGTACA
1507,Lung (T),6,FFPE,Sheba,1041,2020,7,1020,59,F,2015-11-17 - Hiseq-4/RDB156_CGTCCATT
1508,Lung (T),6,FFPE,Sheba,1041,2020,7,1052,66,M,2015-11-17 - Hiseq-4/RDB158_CTCTCAGA
1509,Lung (T),6,FFPE,Sheba,1041,2020,7,1062,73,M,2015-11-17 - Hiseq-4/RDB160_GAGCTCTA
1510,Lung (T),6,FFPE,Sheba,1042,2020,7,1058,68,F,2015-11-17 - Hiseq-4/RDB162_GCTACTCT
1511,Lung (T),6,FFPE,Sheba,1042,2020,7,1060,59,M,2015-11-17 - Hiseq-4/RDB163_GGATGTAG
1512,Lung (T),6,FFPE,Sheba,1042,2020,7,1007,60,M,2015-11-17 - Hiseq-4/RDB164_GTCGAGAA
1513,Lung (T),6,FFPE,Sheba,1042,2020,7,1016,63,M,2015-11-17 - Hiseq-4/RDB166_TCGTCTGA
1514,Lung (T),6,FFPE,Sheba,1042,2020,7,1018,70,M,2015-11-17 - Hiseq-4/RDB168_TTCCAGGT
1515,Lung (T),6,FFPE,Sheba,1042,2020,7,1027,68,F,2015-11-17 - Hiseq-4/RDB170_AACCGTGT
1516,Lung (T),6,FFPE,Sheba,1042,2020,7,1048,58,F,2015-11-17 - Hiseq-4/RDB172_CGAATACG
1517,Lung (T),6,FFPE,Sheba,1042,2020,7,1026,82,F,2015-11-17 - Hiseq-4/RDB175_CGCTGATA
1518,Lung (T),6,FFPE,Sheba,1042,2020,7,1025,63,F,2015-11-17 - Hiseq-4/RDB176_GCCAATAC
1519,Lung (T),6,FFPE,Sheba,1042,2020,7,1022,57,M,2015-11-17 - Hiseq-4/RDB177_GGTACTTC
1520,Lung (T),6,FFPE,Sheba,1042,2020,7,1057,60,M,2015-11-17 - Hiseq-4/RDB178_GGTATAGG
1521,Lung (T),6,FFPE,Sheba,1042,2021,7,1065,50,M,2015-11-17 - Hiseq-4/RDB185_ACTGCTTG
1522,Lung (T),6,FFPE,Sheba,1042,2021,7,1064,51,M,2015-11-17 - Hiseq-4/RDB186_ATCGTGGT
1523,Lung (T),6,FFPE,Sheba,1043,2021,7,1051,86,M,2015-11-17 - Hiseq-4/RDB190_CAGTCACA
1524,Lung (T),6,FFPE,Sheba,1043,2021,7,1059,60,M,2015-11-17 - Hiseq-4/RDB193_CTCGAACA
1525,Lung (T),6,FFPE,Sheba,1043,2021,7,1030,57,M,2015-11-17 - Hiseq-4/RDB196_CTTCCTTC
1526,Lung (T),6,FFPE,Sheba,1043,2021,7,1050,66,M,2015-11-17 - Hiseq-4/RDB197_GAATCACC
1527,Lung (T),6,FFPE,Sheba,1043,2021,7,1019,54,M,2015-11-17 - Hiseq-4/RDB199_GTCCTTGA
1528,Lung (T),6,FFPE,Sheba,1043,2021,7,1011,72,F,2015-11-17 - Hiseq-4/RDB201_TACTCCAG
1529,Lung (T),6,FFPE,Sheba,1043,2021,7,1004,58,M,2015-11-17 - Hiseq-4/RDB202_TCCACGTT
1531,Lung (T),6,FFPE,Sheba,1043,2021,7,1024,69,M,2015-11-17 - Hiseq-4/RDB205_AAGAGGCA
1532,Lung (T),6,FFPE,Sheba,1043,2021,7,1002,69,F,2015-11-17 - Hiseq-4/RDB211_AGCTTCAG
1530,Lung (T),6,FFPE,Sheba,1043,2021,7,1023,56,M,2015-11-17 - Hiseq-4/RDB212_AGGAGGTT
1533,Lung (T),6,FFPE,Sheba,1045,2021,7,1008,51,F,2015-11-17 - Hiseq-4/RDB213_AGGTTCCT
1534,Lung (T),6,FFPE,Sheba,1045,2021,7,1053,69,F,2015-11-17 - Hiseq-4/RDB217_CAACGAGT
1535,Lung (T),6,FFPE,Sheba,1045,2021,7,1056,74,F,2015-11-17 - Hiseq-4/RDB219_CCTTAGGT
1536,Lung (T),6,FFPE,Sheba,1045,2021,7,1063,83,M,2015-11-17 - Hiseq-4/RDB221_CGATCGAT
1537,Lung (T),6,FFPE,Sheba,1045,2021,7,1055,67,F,2015-11-17 - Hiseq-4/RDB222_CGATTCTG
1538,Lung (T),6,FFPE,Sheba,1045,2021,7,1054,90,M,2015-11-17 - Hiseq-4/RDB225_GACGTCAT
1491,Lung (T),6,Snap,Sheba,1035,2022,7,1031,51,F,2015-11-17 - Hiseq-4/RDB230_GCTCAGTT
1492,Lung (T),6,Snap,Sheba,1035,2022,7,1032,59,M,2015-11-17 - Hiseq-4/RDB232_GGATCTGA
1493,Lung (T),6,Snap,Sheba,1035,2022,7,1033,57,F,2015-11-17 - Hiseq-4/RDB235_TAGCTGAG
1494,Lung (T),6,Snap,Sheba,1035,2022,7,1034,68,M,2015-11-17 - Hiseq-4/RDB237_TCCTGGTA
1495,Lung (T),6,Snap,Sheba,1035,2022,7,1035,73,F,2015-11-17 - Hiseq-4/RDB239_AACCACTC
1496,Lung (T),6,Snap,Sheba,1035,2022,7,1036,58,F,2015-11-17 - Hiseq-4/RDB242_ACACTCTG
1497,Lung (T),6,Snap,Sheba,1035,2022,7,1037,77,M,2015-11-17 - Hiseq-4/RDB244_ACGAATCC
1498,Lung (T),6,Snap,Sheba,1035,2022,7,1038,77,F,2015-11-17 - Hiseq-4/RDB247_AGGAACAC
1499,Lung (T),6,FFPE,Sheba,1036,2019,7,1017,70,F,2015-11-17 - Hiseq-4/RDB92_GCGTATCA
1500,Lung (T),6,FFPE,Sheba,1036,2019,7,1005,64,F,2015-11-17 - Hiseq-4/RDB93_TGTTCCGT
1501,Lung (T),6,FFPE,Sheba,1036,2019,7,1015,75,F,2015-11-17 - Hiseq-4/RDB94_ATACTGGC
1502,Lung (T),6,FFPE,Sheba,1036,2019,7,1013,69,M,2015-11-17 - Hiseq-4/RDB96_GGTGTACA
1503,Lung (T),6,FFPE,Sheba,1036,2019,7,1009,63,M,2015-11-17 - Hiseq-4/RDB97_GTAACCGA
1504,Lung (T),6,FFPE,Sheba,1036,2019,7,1006,64,M,2015-11-17 - Hiseq-4/RDB98_GTGTGTTC
1546,Lung (T),6,Snap,Sheba,1076,2041,9,1045,81,M,2016-07-15 - Hiseq-6/RDB276_AGAAGCCT
1547,Lung (T),6,Snap,Sheba,1076,2042,9,1044,76,M,2016-07-15 - Hiseq-6/RDB283_CCAACGAA
1548,Lung (T),6,Snap,Sheba,1076,2042,9,1043,70,M,2016-07-15 - Hiseq-6/RDB284_CCTGTCAA
1549,Lung (T),6,Snap,Sheba,1076,2042,9,1047,69,F,2016-07-15 - Hiseq-6/RDB286_CGGTTGTT
1550,Lung (T),6,Snap,Sheba,1076,2042,9,1046,67,M,2016-07-15 - Hiseq-6/RDB287_CTACATCC
1551,Lung (T),6,Snap,COH,1083,2045,10,1129,80,M,2016-10-13 - Hiseq-7/BC58_CCAACATT
1552,Lung (T),6,Snap,COH,1083,2045,10,1145,83,M,2016-10-13 - Hiseq-7/BC60_TATCTGCC
1553,Lung (T),6,Snap,COH,1083,2045,10,1131,69,M,2016-10-13 - Hiseq-7/BC62_CGCCTTCC
1555,Lung (T),6,Snap,COH,1083,2045,10,1132,70,M,2016-10-13 - Hiseq-7/BC68_TGTAATCA
1556,Lung (T),6,Snap,COH,1083,2045,10,1134,84,M,2016-10-13 - Hiseq-7/BC71_GTCCACAG
1557,Lung (T),6,Snap,COH,1083,2045,10,1144,78,F,2016-10-13 - Hiseq-7/BC73_AACAATGG
1558,Lung (T),6,Snap,COH,1083,2045,10,1146,68,F,2016-10-13 - Hiseq-7/BC75_GAAGGAAG
1559,Lung (T),6,Snap,COH,1084,2045,10,1143,60,F,2016-10-13 - Hiseq-7/BC78_CAATAGTC
1560,Lung (T),6,Snap,COH,1084,2045,10,1138,67,F,2016-10-13 - Hiseq-7/BC81_ACTGTATC
1561,Lung (T),6,Snap,COH,1084,2045,10,1140,92,M,2016-10-13 - Hiseq-7/BC84_TGCAAGTA
1562,Lung (T),6,Snap,COH,1084,2045,10,1135,77,M,2016-10-13 - Hiseq-7/BC86_CGCTATGT
1563,Lung (T),6,Snap,COH,1084,2045,10,1139,66,M,2016-10-13 - Hiseq-7/BC88_TGTAACTC
1564,Lung (T),6,Snap,COH,1084,2045,10,1142,52,F,2016-10-13 - Hiseq-7/BC91_GCAGCCGT
1565,Lung (T),6,Snap,COH,1084,2045,10,1136,77,F,2016-10-13 - Hiseq-7/BC93_AGGTGCGA
1566,Lung (T),6,Snap,COH,1084,2049,10,1127,59,M,2016-10-13 - Hiseq-7/RDB142_CACACATC
1567,Lung (T),6,Snap,COH,1084,2049,10,1128,54,F,2016-10-13 - Hiseq-7/RDB144_CGATGTTC
1568,Lung (T),6,Snap,COH,1084,2049,10,1141,87,F,2016-10-13 - Hiseq-7/RDB146_GTTATGGC
1569,Lung (T),6,Snap,COH,1090,2052,10,1130,77,M,2016-10-13 - Hiseq-7/RDB245_AGAAGTGG
1570,Lung (T),6,Snap,COH,1090,2052,10,1137,65,F,2016-10-13 - Hiseq-7/RDB248_AGTCAGGT
1571,Lung (T),6,Snap,Rambam,1091,2052,10,1081,83,M,2016-10-13 - Hiseq-7/RDB270_AATCGCTG
1572,Lung (T),6,Snap,Rambam,1091,2052,10,1094,69,M,2016-10-13 - Hiseq-7/RDB274_ACCTCAGT
1573,Lung (T),6,Snap,Rambam,1091,2052,10,1082,76,F,2016-10-13 - Hiseq-7/RDB277_AGTGGCAA
1574,Lung (T),6,Snap,Rambam,1091,2052,10,1089,62,M,2016-10-13 - Hiseq-7/RDB279_CAACTTGG
1575,Lung (T),6,Snap,Rambam,1091,2052,10,1079,59,M,2016-10-13 - Hiseq-7/RDB281_CAAGTCGT
1576,Lung (T),6,Snap,Rambam,1091,2052,10,1090,38,F,2016-10-13 - Hiseq-7/RDB284_CCTGTCAA
1577,Lung (T),6,Snap,Rambam,1091,2052,10,1084,64,F,2016-10-13 - Hiseq-7/RDB285_CGACACTT
1578,Lung (T),6,Snap,Rambam,1091,2052,10,1083,64,M,2016-10-13 - Hiseq-7/RDB286_CGGTTGTT
1579,Lung (T),6,Snap,Rambam,1091,2053,10,1088,82,M,2016-10-13 - Hiseq-7/RDB293_AAGCGTTC
1580,Lung (T),6,Snap,Rambam,1091,2053,10,1085,64,M,2016-10-13 - Hiseq-7/RDB294_ACAACAGC
1581,Lung (T),6,Snap,Rambam,1092,2053,10,1093,75,M,2016-10-13 - Hiseq-7/RDB296_ACCGACAA
1582,Lung (T),6,Snap,Rambam,1092,2053,10,1092,53,F,2016-10-13 - Hiseq-7/RDB303_TCCTCATG
1583,Lung (T),6,Snap,Rambam,1092,2053,10,1091,64,F,2016-10-13 - Hiseq-7/RDB309_ACTCTGAG
1584,Lung (T),6,Snap,Rambam,1092,2053,10,1086,73,M,2016-10-13 - Hiseq-7/RDB311_ACTGCGAA
1585,Lung (T),6,Snap,Rambam,1092,2053,10,1087,76,F,2016-10-13 - Hiseq-7/RDB316_GAACGTGA
1586,Lung (T),6,Snap,Rambam,1092,2053,10,1096,80,F,2016-10-13 - Hiseq-7/RDB318_ACACTACC
1587,Lung (T),6,Snap,Rambam,1092,2053,10,1095,72,M,2016-10-13 - Hiseq-7/RDB319_ACAGTGAC
1588,Lung (T),6,Snap,Rambam,1093,2053,10,1109,67,F,2016-10-13 - Hiseq-7/RDB321_AGGTGTTG
1589,Lung (T),6,Snap,Rambam,1093,2053,10,1106,71,M,2016-10-13 - Hiseq-7/RDB324_AAGTGCAG
1592,Lung (T),6,Snap,Rambam,1093,2054,11,1114,67,M,2016-11-30 - Hiseq-8/BC12_TTCGCTGA
1593,Lung (T),6,Snap,Rambam,1093,2054,11,1113,68,F,2016-11-30 - Hiseq-8/BC14_CACATCCT
1590,Lung (T),6,Snap,Rambam,1093,2054,11,1105,75,M,2016-11-30 - Hiseq-8/BC2_CATGCTTA
1594,Lung (T),6,Snap,Rambam,1094,2054,11,1117,75,F,2016-11-30 - Hiseq-8/BC21_TGTCGGAT
1595,Lung (T),6,Snap,Rambam,1094,2054,11,1121,70,M,2016-11-30 - Hiseq-8/BC22_ATTATGTT
1596,Lung (T),6,Snap,Rambam,1094,2054,11,1116,65,F,2016-11-30 - Hiseq-8/BC25_GAAGAAGT
1597,Lung (T),6,Snap,Rambam,1094,2054,11,1111,69,M,2016-11-30 - Hiseq-8/BC27_GACAGTAA
1598,Lung (T),6,Snap,Rambam,1094,2054,11,1122,53,M,2016-11-30 - Hiseq-8/BC29_TCGCCTTG
1599,Lung (T),6,Snap,Rambam,1094,2054,11,1110,73,M,2016-11-30 - Hiseq-8/BC34_GTCTGATG
1600,Lung (T),6,Snap,Rambam,1094,2054,11,1118,80,F,2016-11-30 - Hiseq-8/BC36_TTGAATAG
1601,Lung (T),6,Snap,Rambam,1094,2054,11,1120,59,M,2016-11-30 - Hiseq-8/BC37_AAGACACT
1602,Lung (T),6,Snap,Rambam,1094,2054,11,1119,60,F,2016-11-30 - Hiseq-8/BC38_CAGCAAGG
1603,Lung (T),6,Snap,Rambam,1094,2054,11,1112,73,F,2016-11-30 - Hiseq-8/BC40_CCAGAGCT
1604,Lung (T),6,Snap,Rambam,1094,2054,11,1115,74,M,2016-11-30 - Hiseq-8/BC42_AGGTTATC
1605,Lung (T),6,Snap,Rambam,1095,2054,11,1070,48,M,2016-11-30 - Hiseq-8/BC46_ATTGTCTG
1606,Lung (T),6,Snap,Rambam,1095,2055,11,1100,68,M,2016-11-30 - Hiseq-8/BC48_TAATGAAC
1607,Lung (T),6,Snap,Rambam,1095,2055,11,1068,68,M,2016-11-30 - Hiseq-8/BC50_CAACTCTC
1608,Lung (T),6,Snap,Rambam,1095,2055,11,1071,59,M,2016-11-30 - Hiseq-8/BC54_CAGCGGTA
1609,Lung (T),6,Snap,Rambam,1095,2055,11,1098,83,M,2016-11-30 - Hiseq-8/BC59_GCCGTCGA
1591,Lung (T),6,Snap,Rambam,1093,2054,11,1107,72,F,2016-11-30 - Hiseq-8/BC6_AGTTGCTT
1610,Lung (T),6,Snap,Rambam,1095,2055,11,1069,57,F,2016-11-30 - Hiseq-8/BC61_ACTAAGAC
1611,Lung (T),6,Snap,Rambam,1095,2055,11,1123,62,F,2016-11-30 - Hiseq-8/BC62_CGCCTTCC
1612,Lung (T),6,Snap,Rambam,1095,2055,11,1101,61,F,2016-11-30 - Hiseq-8/BC64_TGCTGCTG
1614,Lung (T),6,Snap,Rambam,1095,2055,11,1099,53,F,2016-11-30 - Hiseq-8/BC67_GTAACATC
1615,Lung (T),6,Snap,Rambam,1095,2055,11,1080,53,F,2016-11-30 - Hiseq-8/BC70_CTATGCGT
1616,Lung (T),6,Snap,Rambam,1096,2055,11,1076,71,M,2016-11-30 - Hiseq-8/BC72_TTGTCTAT
1617,Lung (T),6,Snap,Rambam,1096,2055,11,1075,70,M,2016-11-30 - Hiseq-8/BC74_ATTCCTCT
1618,Lung (T),6,Snap,Rambam,1096,2055,11,1077,68,F,2016-11-30 - Hiseq-8/BC76_TCGCTAGA
1619,Lung (T),6,Snap,Rambam,1096,2055,11,1102,71,M,2016-11-30 - Hiseq-8/BC83_GACCTAAC
1620,Lung (T),6,Snap,Rambam,1096,2055,11,1103,68,M,2016-11-30 - Hiseq-8/BC86_CGCTATGT
1621,Lung (T),6,Snap,Rambam,1096,2055,11,1104,59,M,2016-11-30 - Hiseq-8/BC89_AGGTCGCA
1622,Lung (T),6,Snap,Rambam,1096,2055,11,1097,76,M,2016-11-30 - Hiseq-8/BC91_GCAGCCGT
1623,Lung (T),6,Snap,Rambam,1096,2056,11,1074,53,M,2016-11-30 - Hiseq-8/BC95_GCCGCAAC
1624,Lung (T),6,Snap,Rambam,1096,2056,11,1073,83,F,2016-11-30 - Hiseq-8/BC96_TTATATCT
1626,Lung (T),6,FFPE,COH,1098,2058,11,1147,76,F,2016-11-30 - Hiseq-8/RDB105_CCGTTATG
1627,Lung (T),6,FFPE,COH,1098,2058,11,1148,60,F,2016-11-30 - Hiseq-8/RDB106_CCTCGAAT
1628,Lung (T),6,FFPE,COH,1098,2058,11,1149,92,M,2016-11-30 - Hiseq-8/RDB107_CCTCGTTA
1629,Lung (T),6,FFPE,COH,1098,2058,11,1150,75,F,2016-11-30 - Hiseq-8/RDB109_GGTGATGA
1630,Lung (T),6,FFPE,COH,1098,2058,11,1151,70,M,2016-11-30 - Hiseq-8/RDB110_GTAAGGTG
1631,Lung (T),6,FFPE,COH,1098,2058,11,1152,53,F,2016-11-30 - Hiseq-8/RDB112_CGAGAGAA
1632,Lung (T),6,FFPE,COH,1098,2058,11,1153,53,F,2016-11-30 - Hiseq-8/RDB113_CGCGTATT
1633,Lung (T),6,FFPE,COH,1098,2058,11,1154,84,M,2016-11-30 - Hiseq-8/RDB114_CGTGTGAT
1634,Lung (T),6,FFPE,COH,1098,2058,11,1155,77,F,2016-11-30 - Hiseq-8/RDB115_CTAGGTTG
1635,Lung (T),6,FFPE,COH,1098,2058,11,1156,77,M,2016-11-30 - Hiseq-8/RDB116_CTCTATCG
1641,Lung (T),6,FFPE,COH,1101,2058,11,1158,87,F,2016-11-30 - Hiseq-8/RDB131_AGCGAGAT
1642,Lung (T),6,FFPE,COH,1101,2058,11,1159,86,F,2016-11-30 - Hiseq-8/RDB132_ATAGGTCC
1643,Lung (T),6,FFPE,COH,1101,2058,11,1160,69,F,2016-11-30 - Hiseq-8/RDB133_ATGGCGAT
1644,Lung (T),6,FFPE,COH,1101,2058,11,1161,62,F,2016-11-30 - Hiseq-8/RDB134_CTCCTGAA
1645,Lung (T),6,FFPE,COH,1101,2058,11,1162,82,M,2016-11-30 - Hiseq-8/RDB135_TGATAGGC
1646,Lung (T),6,FFPE,COH,1101,2058,11,1163,81,F,2016-11-30 - Hiseq-8/RDB137_CATGGATC
1647,Lung (T),6,FFPE,COH,1101,2058,11,1164,84,M,2016-11-30 - Hiseq-8/RDB139_TGAGCTGT
1648,Lung (T),6,FFPE,COH,1101,2059,11,1165,76,M,2016-11-30 - Hiseq-8/RDB142_CACACATC
1649,Lung (T),6,FFPE,COH,1101,2059,11,1166,78,M,2016-11-30 - Hiseq-8/RDB143_CAGGTTCA
1650,Lung (T),6,FFPE,COH,1101,2059,11,1167,76,F,2016-11-30 - Hiseq-8/RDB144_CGATGTTC
1651,Lung (T),6,FFPE,COH,1102,2059,11,1168,78,F,2016-11-30 - Hiseq-8/RDB159_GACTTGTG
1652,Lung (T),6,FFPE,COH,1102,2059,11,1169,83,M,2016-11-30 - Hiseq-8/RDB160_GAGCTCTA
1653,Lung (T),6,FFPE,COH,1102,2059,11,1170,71,F,2016-11-30 - Hiseq-8/RDB161_GATTGTCC
1654,Lung (T),6,FFPE,COH,1102,2059,11,1171,78,F,2016-11-30 - Hiseq-8/RDB162_GCTACTCT
1655,Lung (T),6,FFPE,COH,1102,2059,11,1172,52,F,2016-11-30 - Hiseq-8/RDB163_GGATGTAG
1656,Lung (T),6,FFPE,COH,1102,2059,11,1173,59,M,2016-11-30 - Hiseq-8/RDB165_TATGGCAC
1657,Lung (T),6,FFPE,COH,1102,2059,11,1174,71,F,2016-11-30 - Hiseq-8/RDB166_TCGTCTGA
1658,Lung (T),6,FFPE,COH,1102,2059,11,1175,70,F,2016-11-30 - Hiseq-8/RDB167_TGGCTCTT
1659,Lung (T),6,FFPE,COH,1102,2059,11,1176,30,F,2016-11-30 - Hiseq-8/RDB168_TTCCAGGT
1660,Lung (T),6,FFPE,COH,1102,2059,11,1177,54,F,2016-11-30 - Hiseq-8/RDB169_TTCGGCTA
1661,Lung (T),6,FFPE,COH,1103,2059,11,1178,71,M,2016-11-30 - Hiseq-8/RDB184_ACCGGTTA
1662,Lung (T),6,FFPE,COH,1103,2059,11,1179,79,M,2016-11-30 - Hiseq-8/RDB185_ACTGCTTG
1663,Lung (T),6,FFPE,COH,1103,2059,11,1180,74,F,2016-11-30 - Hiseq-8/RDB186_ATCGTGGT
1664,Lung (T),6,FFPE,COH,1103,2059,11,1181,65,F,2016-11-30 - Hiseq-8/RDB187_CAGTGCTT
1665,Lung (T),6,FFPE,COH,1103,2060,11,1182,69,M,2016-11-30 - Hiseq-8/RDB189_GTTGCTGT
1666,Lung (T),6,FFPE,COH,1103,2060,11,1183,68,F,2016-11-30 - Hiseq-8/RDB191_TGCGTAAC
1667,Lung (T),6,FFPE,COH,1103,2060,11,1184,80,M,2016-11-30 - Hiseq-8/RDB192_GCCAGAAT
1668,Lung (T),6,FFPE,COH,1103,2060,11,1185,71,F,2016-11-30 - Hiseq-8/RDB193_CTCGAACA
1669,Lung (T),6,FFPE,COH,1103,2060,11,1186,81,M,2016-11-30 - Hiseq-8/RDB194_CTTAGGAC
1670,Lung (T),6,FFPE,COH,1103,2060,11,1187,61,M,2016-11-30 - Hiseq-8/RDB195_CTTCACTG
1671,Lung (T),6,FFPE,COH,1104,2060,11,1188,68,F,2016-11-30 - Hiseq-8/RDB210_AGCAGACA
1672,Lung (T),6,FFPE,COH,1104,2060,11,1189,88,M,2016-11-30 - Hiseq-8/RDB211_AGCTTCAG
1673,Lung (T),6,FFPE,COH,1104,2060,11,1190,70,M,2016-11-30 - Hiseq-8/RDB212_AGGAGGTT
1674,Lung (T),6,FFPE,COH,1104,2060,11,1191,80,F,2016-11-30 - Hiseq-8/RDB213_AGGTTCCT
1675,Lung (T),6,FFPE,COH,1104,2060,11,1192,77,F,2016-11-30 - Hiseq-8/RDB214_AGTACACG
1676,Lung (T),6,FFPE,COH,1104,2060,11,1193,69,M,2016-11-30 - Hiseq-8/RDB216_ATCGGAGA
1677,Lung (T),6,FFPE,COH,1104,2060,11,1194,55,F,2016-11-30 - Hiseq-8/RDB217_CAACGAGT
1678,Lung (T),6,FFPE,COH,1104,2060,11,1195,63,M,2016-11-30 - Hiseq-8/RDB218_CACCAGTT
1679,Lung (T),6,FFPE,COH,1104,2060,11,1196,55,M,2016-11-30 - Hiseq-8/RDB219_CCTTAGGT
1680,Lung (T),6,FFPE,COH,1104,2060,11,1197,90,M,2016-11-30 - Hiseq-8/RDB221_CGATCGAT
1691,Lung (T),6,FFPE,COH,1106,2061,11,1208,81,F,2016-11-30 - Hiseq-8/RDB243_ACATGCCA
1692,Lung (T),6,FFPE,COH,1106,2061,11,1209,62,M,2016-11-30 - Hiseq-8/RDB244_ACGAATCC
1693,Lung (T),6,FFPE,COH,1106,2061,11,1210,59,F,2016-11-30 - Hiseq-8/RDB245_AGAAGTGG
1694,Lung (T),6,FFPE,COH,1106,2061,11,1211,52,F,2016-11-30 - Hiseq-8/RDB246_AGCTAGTG
1695,Lung (T),6,FFPE,COH,1106,2061,11,1212,71,F,2016-11-30 - Hiseq-8/RDB247_AGGAACAC
1696,Lung (T),6,FFPE,COH,1106,2061,11,1213,75,M,2016-11-30 - Hiseq-8/RDB250_CAACACAG
1697,Lung (T),6,FFPE,COH,1106,2061,11,1214,60,F,2016-11-30 - Hiseq-8/RDB251_CACGTCTA
1698,Lung (T),6,FFPE,COH,1106,2061,11,1215,70,F,2016-11-30 - Hiseq-8/RDB252_CAGCATAC
1699,Lung (T),6,FFPE,COH,1106,2061,11,1216,80,M,2016-11-30 - Hiseq-8/RDB253_CATCAACC
1700,Lung (T),6,FFPE,COH,1106,2061,11,1217,67,M,2016-11-30 - Hiseq-8/RDB254_CATCACGT
1681,Lung (T),6,FFPE,COH,1105,2061,11,1198,70,F,2016-11-30 - Hiseq-8/RDB27_GAGTGTGT
1682,Lung (T),6,FFPE,COH,1105,2061,11,1199,65,M,2016-11-30 - Hiseq-8/RDB28_GCATCCTA
1683,Lung (T),6,FFPE,COH,1105,2061,11,1200,76,M,2016-11-30 - Hiseq-8/RDB29_GGATTCAC
1684,Lung (T),6,FFPE,COH,1105,2061,11,1201,71,M,2016-11-30 - Hiseq-8/RDB31_TACGGTCT
1685,Lung (T),6,FFPE,COH,1105,2061,11,1202,87,M,2016-11-30 - Hiseq-8/RDB32_TTGCAACG
1686,Lung (T),6,FFPE,COH,1105,2061,11,1203,56,M,2016-11-30 - Hiseq-8/RDB34_CTATCCAC
1687,Lung (T),6,FFPE,COH,1105,2061,11,1204,56,F,2016-11-30 - Hiseq-8/RDB35_GTGGTATG
1688,Lung (T),6,FFPE,COH,1105,2061,11,1205,74,M,2016-11-30 - Hiseq-8/RDB36_TAACGTCG
1689,Lung (T),6,FFPE,COH,1105,2061,11,1206,73,F,2016-11-30 - Hiseq-8/RDB37_TAGAACGC
1690,Lung (T),6,FFPE,COH,1105,2061,11,1207,76,F,2016-11-30 - Hiseq-8/RDB38_TATGACCG
1625,Lung (T),6,Snap,Rambam,1097,2056,11,1078,77,M,2016-11-30 - Hiseq-8/RDB5_GAGTAGAG
1636,Lung (T),6,Snap,Rambam,1100,2057,11,1072,75,M,2016-11-30 - Hiseq-8/RDB73_CTGGTCAT
1637,Lung (T),6,Snap,Rambam,1100,2057,11,1125,64,F,2016-11-30 - Hiseq-8/RDB85_AAGCCTGA
1638,Lung (T),6,Snap,Rambam,1100,2057,11,1124,51,M,2016-11-30 - Hiseq-8/RDB86_AAGTCCTC
1639,Lung (T),6,Snap,Rambam,1100,2057,11,1126,47,F,2016-11-30 - Hiseq-8/RDB87_ACGAGAAC
1640,Lung (T),6,Snap,Rambam,1100,2057,11,1108,86,M,2016-11-30 - Hiseq-8/RDB91_TCGAGAGT
1542,Lung (T),6,Snap,Sheba,1052,2033,8,1039,66,M,2016-1-14 - Hiseq-5/RDB291_AACAGGTG
1543,Lung (T),6,Snap,Sheba,1052,2033,8,1040,54,M,2016-1-14 - Hiseq-5/RDB293_AAGCGTTC
1544,Lung (T),6,Snap,Sheba,1063,2033,8,1041,84,M,2016-1-14 - Hiseq-5/RDB307_ACGTCGTT
1545,Lung (T),6,Snap,Sheba,1063,2033,8,1042,56,M,2016-1-14 - Hiseq-5/RDB309_ACTCTGAG
1487,Lung (T),6,Snap,Sheba,1023,2003,5,1010,68,M,Batch184/RDB101_TCAGTAGG
1488,Lung (T),6,Snap,Sheba,1023,2003,5,1012,32,F,Batch184/RDB112_CGAGAGAA
1486,Lung (T),6,Snap,Sheba,1017,2002,5,1003,76,M,Batch184/RDB57_CCGTAACT
1489,Lung (T),6,Snap,Sheba,1030,2008,6,1021,59,F,Batch380/RDB176_GCCAATAC
1490,Lung (T),6,Snap,Sheba,1030,2012,6,1028,68,M,Batch380/RDB262_GGTCACTA
1539,Lung (T),6,FFPE,Sheba,1045,2073,15,1001,69,M,HTMiSeq3-2018-May/RDB49_S361
1540,Lung (T),6,FFPE,Sheba,1045,2073,15,1066,83,M,HTMiSeq3-2018-May/RDB54_S367
1541,Lung (T),6,FFPE,Sheba,1045,2073,15,1049,59,M,HTMiSeq3-2018-May/RDB55_S368
1706,Lung (T),6,FFPE,COH,1107,2064,12,1223,64,M,Jan2017/RDB11_TTCGAAGC
1707,Lung (T),6,FFPE,COH,1107,2064,12,1224,68,M,Jan2017/RDB12_ATCCACGA
1708,Lung (T),6,FFPE,COH,1107,2064,12,1225,67,F,Jan2017/RDB13_ATCTGACC
1709,Lung (T),6,FFPE,COH,1107,2064,12,1226,81,M,Jan2017/RDB14_ATTAGCCG
1710,Lung (T),6,FFPE,COH,1107,2064,12,1227,74,M,Jan2017/RDB15_CTCAGAAG
1711,Lung (T),6,FFPE,COH,1108,2064,12,1228,76,M,Jan2017/RDB30_GTTGGCAT
1712,Lung (T),6,FFPE,COH,1108,2064,12,1229,64,F,Jan2017/RDB31_TACGGTCT
1713,Lung (T),6,FFPE,COH,1108,2064,12,1230,53,F,Jan2017/RDB33_CGATTGGA
1714,Lung (T),6,FFPE,COH,1108,2064,12,1231,85,F,Jan2017/RDB34_CTATCCAC
1715,Lung (T),6,FFPE,COH,1108,2064,12,1232,57,F,Jan2017/RDB35_GTGGTATG
1716,Lung (T),6,FFPE,COH,1108,2064,12,1233,65,M,Jan2017/RDB37_TAGAACGC
1717,Lung (T),6,FFPE,COH,1108,2064,12,1234,74,F,Jan2017/RDB38_TATGACCG
1718,Lung (T),6,FFPE,COH,1108,2064,12,1235,83,M,Jan2017/RDB39_ACGCAGTA
1719,Lung (T),6,FFPE,COH,1108,2064,12,1236,66,F,Jan2017/RDB40_CGGCATTA
1720,Lung (T),6,FFPE,COH,1108,2064,12,1237,86,M,Jan2017/RDB41_GAAGACTG
1701,Lung (T),6,FFPE,COH,1107,2064,12,1218,82,M,Jan2017/RDB5_GAGTAGAG
1721,Lung (T),6,FFPE,COH,1110,2065,12,1238,82,M,Jan2017/RDB58_GATACCTG
1722,Lung (T),6,FFPE,COH,1110,2065,12,1239,64,M,Jan2017/RDB59_GCCTTCTT
1702,Lung (T),6,FFPE,COH,1107,2064,12,1219,77,M,Jan2017/RDB6_AACCTACG
1723,Lung (T),6,FFPE,COH,1110,2065,12,1240,59,M,Jan2017/RDB60_GGCGAATA
1724,Lung (T),6,FFPE,COH,1110,2065,12,1241,66,M,Jan2017/RDB61_GTATCGAG
1725,Lung (T),6,FFPE,COH,1110,2065,12,1242,75,M,Jan2017/RDB62_GTTCTTCG
1726,Lung (T),6,FFPE,COH,1110,2065,12,1243,75,F,Jan2017/RDB64_TTCCTCCT
1727,Lung (T),6,FFPE,COH,1110,2065,12,1244,67,F,Jan2017/RDB65_GAATGGCA
1728,Lung (T),6,FFPE,COH,1110,2065,12,1245,56,F,Jan2017/RDB67_TACATCGG
1729,Lung (T),6,FFPE,COH,1110,2065,12,1246,75,F,Jan2017/RDB68_TGGATGGT
1730,Lung (T),6,FFPE,COH,1110,2065,12,1157,70,F,Jan2017/RDB69_TTGCTTGG
1703,Lung (T),6,FFPE,COH,1107,2064,12,1220,79,F,Jan2017/RDB7_TCTTACGG
1704,Lung (T),6,FFPE,COH,1107,2064,12,1221,56,M,Jan2017/RDB8_GGCATTCT
1705,Lung (T),6,FFPE,COH,1107,2064,12,1222,73,F,Jan2017/RDB9_GGTACGAA
1843,Melanoma (T),7,Snap,MDACC,1046,2023,7,2096,N/A,F,2015-11-17 - Hiseq-4/BC1_CTACCAGG
1851,Melanoma (T),7,Snap,MDACC,1046,2023,7,2097,N/A,M,2015-11-17 - Hiseq-4/BC10_GGTCCAGA
1852,Melanoma (T),7,Snap,MDACC,1046,2023,7,2084,N/A,M,2015-11-17 - Hiseq-4/BC12_TTCGCTGA
1854,Melanoma (T),7,Snap,MDACC,1046,2023,7,2061,N/A,F,2015-11-17 - Hiseq-4/BC15_TCGGAATG
1855,Melanoma (T),7,Snap,MDACC,1046,2023,7,2093,N/A,M,2015-11-17 - Hiseq-4/BC16_AAGGATGT
1856,Melanoma (T),7,Snap,MDACC,1046,2023,7,2061,N/A,F,2015-11-17 - Hiseq-4/BC17_GCACACGA
1857,Melanoma (T),7,Snap,MDACC,1046,2023,7,2070,N/A,F,2015-11-17 - Hiseq-4/BC18_TCTGGCGA
1858,Melanoma (T),7,Snap,MDACC,1046,2023,7,2061,N/A,F,2015-11-17 - Hiseq-4/BC19_CATAGCGA
1844,Melanoma (T),7,Snap,MDACC,1046,2023,7,2059,N/A,M,2015-11-17 - Hiseq-4/BC2_CATGCTTA
1859,Melanoma (T),7,Snap,MDACC,1046,2023,7,2061,N/A,F,2015-11-17 - Hiseq-4/BC21_TGTCGGAT
1860,Melanoma (T),7,Snap,MDACC,1046,2023,7,2061,N/A,F,2015-11-17 - Hiseq-4/BC22_ATTATGTT
1862,Melanoma (T),7,Snap,MDACC,1046,2023,7,2076,N/A,M,2015-11-17 - Hiseq-4/BC24_TACTTAGC
1863,Melanoma (T),7,Snap,MDACC,1046,2023,7,2079,N/A,M,2015-11-17 - Hiseq-4/BC25_GAAGAAGT
1864,Melanoma (T),7,Snap,MDACC,1046,2023,7,2053,N/A,F,2015-11-17 - Hiseq-4/BC27_GACAGTAA
1865,Melanoma (T),7,Snap,MDACC,1046,2023,7,2066,N/A,F,2015-11-17 - Hiseq-4/BC28_CCTATGCC
1866,Melanoma (T),7,Snap,MDACC,1046,2023,7,2088,N/A,M,2015-11-17 - Hiseq-4/BC29_TCGCCTTG
1845,Melanoma (T),7,Snap,MDACC,1046,2023,7,2029,N/A,M,2015-11-17 - Hiseq-4/BC3_GCACATCT
1868,Melanoma (T),7,Snap,MDACC,1046,2023,7,2098,N/A,M,2015-11-17 - Hiseq-4/BC31_GTCGCCTT
1870,Melanoma (T),7,Snap,MDACC,1047,2024,7,2063,N/A,F,2015-11-17 - Hiseq-4/BC37_AAGACACT
1871,Melanoma (T),7,Snap,MDACC,1047,2024,7,2082,N/A,F,2015-11-17 - Hiseq-4/BC38_CAGCAAGG
1872,Melanoma (T),7,Snap,MDACC,1047,2024,7,2085,N/A,M,2015-11-17 - Hiseq-4/BC39_TCCAGCAA
1874,Melanoma (T),7,Snap,MDACC,1047,2024,7,2082,N/A,F,2015-11-17 - Hiseq-4/BC42_AGGTTATC
1876,Melanoma (T),7,Snap,MDACC,1047,2024,7,2078,N/A,M,2015-11-17 - Hiseq-4/BC44_CCTTCGCA
1880,Melanoma (T),7,Snap,MDACC,1047,2024,7,2049,N/A,M,2015-11-17 - Hiseq-4/BC49_AACGCATT
1882,Melanoma (T),7,Snap,MDACC,1047,2024,7,2076,N/A,M,2015-11-17 - Hiseq-4/BC51_CTGTAATC
1885,Melanoma (T),7,Snap,MDACC,1047,2024,7,2075,N/A,M,2015-11-17 - Hiseq-4/BC55_GACCAGGA
1888,Melanoma (T),7,Snap,MDACC,1047,2024,7,2057,N/A,F,2015-11-17 - Hiseq-4/BC58_CCAACATT
1889,Melanoma (T),7,Snap,MDACC,1047,2024,7,2044,N/A,M,2015-11-17 - Hiseq-4/BC60_TATCTGCC
1890,Melanoma (T),7,Snap,MDACC,1047,2024,7,2076,N/A,M,2015-11-17 - Hiseq-4/BC61_ACTAAGAC
1891,Melanoma (T),7,Snap,MDACC,1047,2024,7,2098,N/A,M,2015-11-17 - Hiseq-4/BC62_CGCCTTCC
1892,Melanoma (T),7,Snap,MDACC,1047,2024,7,2061,N/A,F,2015-11-17 - Hiseq-4/BC63_GCCTAGCC
1893,Melanoma (T),7,Snap,MDACC,1047,2024,7,2082,N/A,F,2015-11-17 - Hiseq-4/BC64_TGCTGCTG
1848,Melanoma (T),7,Snap,MDACC,1046,2023,7,2055,N/A,F,2015-11-17 - Hiseq-4/BC7_CCAGTTAG
1849,Melanoma (T),7,Snap,MDACC,1046,2023,7,2054,N/A,F,2015-11-17 - Hiseq-4/BC8_TTGAGCCT
1850,Melanoma (T),7,Snap,MDACC,1046,2023,7,2060,N/A,M,2015-11-17 - Hiseq-4/BC9_ACCAACTG
1815,Melanoma (T),7,Snap,MDACC,1044,2022,7,2076,N/A,M,2015-11-17 - Hiseq-4/RDB250_CAACACAG
1816,Melanoma (T),7,Snap,MDACC,1044,2022,7,2064,N/A,M,2015-11-17 - Hiseq-4/RDB251_CACGTCTA
1820,Melanoma (T),7,Snap,MDACC,1044,2022,7,2074,N/A,M,2015-11-17 - Hiseq-4/RDB256_CCACATTG
1821,Melanoma (T),7,Snap,MDACC,1044,2022,7,2065,N/A,M,2015-11-17 - Hiseq-4/RDB257_CCGAAGAT
1823,Melanoma (T),7,Snap,MDACC,1044,2022,7,2070,N/A,F,2015-11-17 - Hiseq-4/RDB259_CTTCGCAA
1824,Melanoma (T),7,Snap,MDACC,1044,2022,7,2090,N/A,M,2015-11-17 - Hiseq-4/RDB261_GCAATTCC
1825,Melanoma (T),7,Snap,MDACC,1044,2022,7,2058,N/A,F,2015-11-17 - Hiseq-4/RDB262_GGTCACTA
1827,Melanoma (T),7,Snap,MDACC,1044,2022,7,2071,N/A,M,2015-11-17 - Hiseq-4/RDB264_TACACACG
1828,Melanoma (T),7,Snap,MDACC,1044,2022,7,2078,N/A,M,2015-11-17 - Hiseq-4/RDB265_TAGTGGTG
1829,Melanoma (T),7,Snap,MDACC,1044,2022,7,2061,N/A,F,2015-11-17 - Hiseq-4/RDB267_AACTGAGG
1830,Melanoma (T),7,Snap,MDACC,1044,2022,7,2071,N/A,M,2015-11-17 - Hiseq-4/RDB268_AAGCTCAC
1833,Melanoma (T),7,Snap,MDACC,1044,2022,7,2058,N/A,F,2015-11-17 - Hiseq-4/RDB271_ACACGAGA
1834,Melanoma (T),7,Snap,MDACC,1046,2023,7,2080,N/A,F,2015-11-17 - Hiseq-4/RDB276_AGAAGCCT
1835,Melanoma (T),7,Snap,MDACC,1046,2023,7,2098,N/A,M,2015-11-17 - Hiseq-4/RDB277_AGTGGCAA
1836,Melanoma (T),7,Snap,MDACC,1046,2023,7,2073,N/A,F,2015-11-17 - Hiseq-4/RDB278_ATGCCTAG
1837,Melanoma (T),7,Snap,MDACC,1046,2023,7,2098,N/A,M,2015-11-17 - Hiseq-4/RDB280_CAAGGTAC
1838,Melanoma (T),7,Snap,MDACC,1046,2023,7,2084,N/A,M,2015-11-17 - Hiseq-4/RDB283_CCAACGAA
1840,Melanoma (T),7,Snap,MDACC,1046,2023,7,2065,N/A,M,2015-11-17 - Hiseq-4/RDB285_CGACACTT
1842,Melanoma (T),7,Snap,MDACC,1046,2023,7,2098,N/A,M,2015-11-17 - Hiseq-4/RDB288_GATCTCAG
1898,Melanoma (T),7,Snap,MDACC,1069,2040,9,2016,N/A,M,2016-07-15 - Hiseq-6/RDB188_CGAATTGC
1901,Melanoma (T),7,Snap,MDACC,1069,2040,9,2016,N/A,M,2016-07-15 - Hiseq-6/RDB191_TGCGTAAC
1903,Melanoma (T),7,Snap,MDACC,1069,2040,9,2016,N/A,M,2016-07-15 - Hiseq-6/RDB194_CTTAGGAC
1905,Melanoma (T),7,Snap,MDACC,1069,2040,9,2049,N/A,M,2016-07-15 - Hiseq-6/RDB199_GTCCTTGA
1907,Melanoma (T),7,Snap,NKI,1111,2063,11,2134,57,M,2016-11-30 - Hiseq-8/RDB290_GTAGTACC
1910,Melanoma (T),7,Snap,NKI,1111,2063,11,2137,67,F,2016-11-30 - Hiseq-8/RDB293_AAGCGTTC
1911,Melanoma (T),7,Snap,NKI,1111,2063,11,2138,51,F,2016-11-30 - Hiseq-8/RDB294_ACAACAGC
1913,Melanoma (T),7,Snap,NKI,1111,2063,11,2140,63,F,2016-11-30 - Hiseq-8/RDB297_AGACCTTG
1914,Melanoma (T),7,Snap,NKI,1111,2063,11,2141,55,F,2016-11-30 - Hiseq-8/RDB298_AGAGTCCA
1916,Melanoma (T),7,Snap,NKI,1111,2063,11,2143,24,M,2016-11-30 - Hiseq-8/RDB300_CGAACAAC
1917,Melanoma (T),7,Snap,NKI,1111,2063,11,2144,62,M,2016-11-30 - Hiseq-8/RDB302_CTCGTTCT
1918,Melanoma (T),7,Snap,NKI,1111,2063,11,2145,46,M,2016-11-30 - Hiseq-8/RDB303_TCCTCATG
1919,Melanoma (T),7,Snap,NKI,1111,2063,11,2146,72,F,2016-11-30 - Hiseq-8/RDB304_AACCAGAG
1921,Melanoma (T),7,Snap,NKI,1111,2063,11,2148,75,M,2016-11-30 - Hiseq-8/RDB307_ACGTCGTT
1922,Melanoma (T),7,Snap,NKI,1111,2063,11,2149,45,F,2016-11-30 - Hiseq-8/RDB309_ACTCTGAG
1923,Melanoma (T),7,Snap,NKI,1111,2063,11,2150,71,M,2016-11-30 - Hiseq-8/RDB310_ACTGCACT
1925,Melanoma (T),7,Snap,NKI,1111,2063,11,2152,56,M,2016-11-30 - Hiseq-8/RDB312_AGACGCTA
1926,Melanoma (T),7,Snap,NKI,1111,2063,11,2153,59,M,2016-11-30 - Hiseq-8/RDB313_AGAGACTC
1927,Melanoma (T),7,Snap,NKI,1111,2063,11,2154,52,M,2016-11-30 - Hiseq-8/RDB315_CTGATGAG
1928,Melanoma (T),7,Snap,NKI,1111,2063,11,2155,50,M,2016-11-30 - Hiseq-8/RDB316_GAACGTGA
1929,Melanoma (T),7,Snap,NKI,1111,2063,11,2156,46,F,2016-11-30 - Hiseq-8/RDB317_ACAAGACG
1930,Melanoma (T),7,Snap,NKI,1111,2063,11,2157,39,F,2016-11-30 - Hiseq-8/RDB318_ACACTACC
1931,Melanoma (T),7,Snap,NKI,1111,2063,11,2158,38,F,2016-11-30 - Hiseq-8/RDB319_ACAGTGAC
1932,Melanoma (T),7,Snap,NKI,1111,2063,11,2159,49,M,2016-11-30 - Hiseq-8/RDB322_CTCGGTAA
1933,Melanoma (T),7,Snap,NKI,1111,2063,11,2160,56,F,2016-11-30 - Hiseq-8/RDB323_ACGATCAG
1935,Melanoma (T),7,Snap,NKI,1111,2063,11,2162,52,M,2016-11-30 - Hiseq-8/RDB325_ACAACGTG
1936,Melanoma (T),7,Snap,NKI,1111,2063,11,2163,45,F,2016-11-30 - Hiseq-8/RDB326_ACCATGTC
1747,Melanoma (T),7,Snap,MDACC,1019,2002,5,2020,N/A,M,Batch184/RDB66_GACACAGT
1750,Melanoma (T),7,Snap,MDACC,1019,2002,5,2008,N/A,F,Batch184/RDB69_TTGCTTGG
1751,Melanoma (T),7,Snap,MDACC,1019,2002,5,2019,N/A,F,Batch184/RDB70_AGACATGC
1752,Melanoma (T),7,Snap,MDACC,1019,2003,5,2003,N/A,F,Batch184/RDB76_TCACGATG
1753,Melanoma (T),7,Snap,MDACC,1019,2003,5,2018,N/A,M,Batch184/RDB77_TCTAGGAG
1755,Melanoma (T),7,Snap,MDACC,1019,2003,5,2019,N/A,F,Batch184/RDB79_CTCAAGCT
1757,Melanoma (T),7,Snap,MDACC,1019,2003,5,2018,N/A,M,Batch184/RDB82_GGTAACGT
1763,Melanoma (T),7,Snap,MDACC,1020,2003,5,2029,N/A,M,Batch184/RDB91_TCGAGAGT
1772,Melanoma (T),7,Snap,MDACC,1020,2005,6,2164,N/A,F,Batch380/RDB11_TTCGAAGC
1774,Melanoma (T),7,Snap,MDACC,1020,2005,6,2009,N/A,F,Batch380/RDB14_ATTAGCCG
1775,Melanoma (T),7,Snap,MDACC,1020,2005,6,2001,N/A,M,Batch380/RDB15_CTCAGAAG
1777,Melanoma (T),7,Snap,MDACC,1020,2005,6,2027,N/A,M,Batch380/RDB17_ACTTGGCT
1778,Melanoma (T),7,Snap,MDACC,1021,2005,6,2030,N/A,M,Batch380/RDB19_AACACCAC
1765,Melanoma (T),7,Snap,MDACC,1020,2005,6,2012,N/A,M,Batch380/RDB2_ACAAGCTC
1779,Melanoma (T),7,Snap,MDACC,1021,2005,6,2051,N/A,F,Batch380/RDB20_ACTCTCCA
1781,Melanoma (T),7,Snap,MDACC,1021,2005,6,2051,N/A,F,Batch380/RDB22_GGCTCAAT
1782,Melanoma (T),7,Snap,MDACC,1021,2005,6,2033,N/A,M,Batch380/RDB23_TATGCGGT
1784,Melanoma (T),7,Snap,MDACC,1021,2005,6,2027,N/A,M,Batch380/RDB26_CTCTTGTC
1785,Melanoma (T),7,Snap,MDACC,1021,2005,6,2026,N/A,F,Batch380/RDB27_GAGTGTGT
1788,Melanoma (T),7,Snap,MDACC,1021,2005,6,2033,N/A,M,Batch380/RDB31_TACGGTCT
1789,Melanoma (T),7,Snap,MDACC,1021,2005,6,2029,N/A,M,Batch380/RDB32_TTGCAACG
1790,Melanoma (T),7,Snap,MDACC,1021,2005,6,2024,N/A,M,Batch380/RDB33_CGATTGGA
1791,Melanoma (T),7,Snap,MDACC,1021,2005,6,2164,N/A,F,Batch380/RDB34_CTATCCAC
1792,Melanoma (T),7,Snap,MDACC,1021,2005,6,2022,N/A,F,Batch380/RDB35_GTGGTATG
1793,Melanoma (T),7,Snap,MDACC,1021,2005,6,2043,N/A,F,Batch380/RDB37_TAGAACGC
1796,Melanoma (T),7,Snap,MDACC,1021,2005,6,2004,N/A,M,Batch380/RDB40_CGGCATTA
1797,Melanoma (T),7,Snap,MDACC,1022,2005,6,2048,N/A,F,Batch380/RDB42_GGAAGAGA
1798,Melanoma (T),7,Snap,MDACC,1022,2005,6,2048,N/A,F,Batch380/RDB43_TGTCAGTG
1802,Melanoma (T),7,Snap,MDACC,1022,2005,6,2007,N/A,M,Batch380/RDB48_AATGACGC
1803,Melanoma (T),7,Snap,MDACC,1022,2005,6,2035,N/A,M,Batch380/RDB49_AGAGGATG
1768,Melanoma (T),7,Snap,MDACC,1020,2005,6,2023,N/A,F,Batch380/RDB5_GAGTAGAG
1804,Melanoma (T),7,Snap,MDACC,1022,2005,6,2048,N/A,F,Batch380/RDB50_GTCGTTAC
1806,Melanoma (T),7,Snap,MDACC,1022,2005,6,2011,N/A,F,Batch380/RDB52_CATGTGTG
1807,Melanoma (T),7,Snap,MDACC,1022,2005,6,2042,N/A,F,Batch380/RDB55_GTATTCCG
1808,Melanoma (T),7,Snap,MDACC,1022,2005,6,2048,N/A,F,Batch380/RDB56_TGGTATCC
1809,Melanoma (T),7,Snap,MDACC,1022,2005,6,2040,N/A,M,Batch380/RDB57_CCGTAACT
1810,Melanoma (T),7,Snap,MDACC,1022,2005,6,2031,N/A,F,Batch380/RDB58_GATACCTG
1811,Melanoma (T),7,Snap,MDACC,1022,2005,6,2032,N/A,M,Batch380/RDB60_GGCGAATA
1812,Melanoma (T),7,Snap,MDACC,1022,2005,6,2025,N/A,M,Batch380/RDB61_GTATCGAG
1769,Melanoma (T),7,Snap,MDACC,1020,2005,6,2017,N/A,F,Batch380/RDB7_TCTTACGG
1770,Melanoma (T),7,Snap,MDACC,1020,2005,6,2046,N/A,M,Batch380/RDB8_GGCATTCT
1743,Melanoma (T),7,Snap,MGH,1008,2016,4,2132,N/A,N/A,Batch5/Deborah23_S24
1853,Melanoma (T),7,Snap,MDACC,1046,2023,7,2056,N/A,M,2015-11-17 - Hiseq-4/BC13_AACTTGAC
1861,Melanoma (T),7,Snap,MDACC,1046,2023,7,2094,N/A,M,2015-11-17 - Hiseq-4/BC23_CCTACCAT
1867,Melanoma (T),7,Snap,MDACC,1046,2023,7,2083,N/A,F,2015-11-17 - Hiseq-4/BC30_ATAGCGTC
1869,Melanoma (T),7,Snap,MDACC,1047,2024,7,2092,N/A,M,2015-11-17 - Hiseq-4/BC36_TTGAATAG
1846,Melanoma (T),7,Snap,MDACC,1046,2023,7,2091,N/A,M,2015-11-17 - Hiseq-4/BC4_TGCTCGAC
1873,Melanoma (T),7,Snap,MDACC,1047,2024,7,2069,N/A,F,2015-11-17 - Hiseq-4/BC40_CCAGAGCT
1875,Melanoma (T),7,Snap,MDACC,1047,2024,7,2069,N/A,F,2015-11-17 - Hiseq-4/BC43_GTCATCTA
1877,Melanoma (T),7,Snap,MDACC,1047,2024,7,2072,N/A,M,2015-11-17 - Hiseq-4/BC45_TCTCGGTC
1878,Melanoma (T),7,Snap,MDACC,1047,2024,7,2072,N/A,M,2015-11-17 - Hiseq-4/BC46_ATTGTCTG
1879,Melanoma (T),7,Snap,MDACC,1047,2024,7,2087,N/A,F,2015-11-17 - Hiseq-4/BC48_TAATGAAC
1881,Melanoma (T),7,Snap,MDACC,1047,2024,7,2083,N/A,F,2015-11-17 - Hiseq-4/BC50_CAACTCTC
1883,Melanoma (T),7,Snap,MDACC,1047,2024,7,2069,N/A,F,2015-11-17 - Hiseq-4/BC52_TAAGCACA
1884,Melanoma (T),7,Snap,MDACC,1047,2024,7,2041,N/A,M,2015-11-17 - Hiseq-4/BC54_CAGCGGTA
1886,Melanoma (T),7,Snap,MDACC,1047,2024,7,2067,N/A,M,2015-11-17 - Hiseq-4/BC56_TATCCAGG
1887,Melanoma (T),7,Snap,MDACC,1047,2024,7,2044,N/A,M,2015-11-17 - Hiseq-4/BC57_ACAGGTAT
1847,Melanoma (T),7,Snap,MDACC,1046,2023,7,2068,N/A,F,2015-11-17 - Hiseq-4/BC6_AGTTGCTT
1895,Melanoma (T),7,Snap,MDACC,1047,2024,7,2056,N/A,M,2015-11-17 - Hiseq-4/BC68_TGTAATCA
1817,Melanoma (T),7,Snap,MDACC,1044,2022,7,2077,N/A,F,2015-11-17 - Hiseq-4/RDB252_CAGCATAC
1818,Melanoma (T),7,Snap,MDACC,1044,2022,7,2089,N/A,M,2015-11-17 - Hiseq-4/RDB253_CATCAACC
1819,Melanoma (T),7,Snap,MDACC,1044,2022,7,2062,N/A,F,2015-11-17 - Hiseq-4/RDB255_CCACAACA
1822,Melanoma (T),7,Snap,MDACC,1044,2022,7,2044,N/A,M,2015-11-17 - Hiseq-4/RDB258_CTGACTAC
1826,Melanoma (T),7,Snap,MDACC,1044,2022,7,2095,N/A,M,2015-11-17 - Hiseq-4/RDB263_GTCCTGTT
1832,Melanoma (T),7,Snap,MDACC,1044,2022,7,2052,N/A,M,2015-11-17 - Hiseq-4/RDB270_AATCGCTG
1839,Melanoma (T),7,Snap,MDACC,1046,2023,7,2083,N/A,F,2015-11-17 - Hiseq-4/RDB284_CCTGTCAA
1841,Melanoma (T),7,Snap,MDACC,1046,2023,7,2067,N/A,M,2015-11-17 - Hiseq-4/RDB286_CGGTTGTT
1897,Melanoma (T),7,Snap,MDACC,1069,2040,9,2045,N/A,M,2016-07-15 - Hiseq-6/RDB187_CAGTGCTT
1899,Melanoma (T),7,Snap,MDACC,1069,2040,9,2045,N/A,M,2016-07-15 - Hiseq-6/RDB189_GTTGCTGT
1900,Melanoma (T),7,Snap,MDACC,1069,2040,9,2019,N/A,F,2016-07-15 - Hiseq-6/RDB190_CAGTCACA
1902,Melanoma (T),7,Snap,MDACC,1069,2040,9,2010,N/A,M,2016-07-15 - Hiseq-6/RDB193_CTCGAACA
1904,Melanoma (T),7,Snap,MDACC,1069,2040,9,2019,N/A,F,2016-07-15 - Hiseq-6/RDB196_CTTCCTTC
1906,Melanoma (T),7,Snap,MDACC,1069,2040,9,2010,N/A,M,2016-07-15 - Hiseq-6/RDB200_GTCGATTG
1908,Melanoma (T),7,Snap,NKI,1111,2063,11,2135,53,F,2016-11-30 - Hiseq-8/RDB291_AACAGGTG
1909,Melanoma (T),7,Snap,NKI,1111,2063,11,2136,83,M,2016-11-30 - Hiseq-8/RDB292_AAGCATCG
1912,Melanoma (T),7,Snap,NKI,1111,2063,11,2139,35,F,2016-11-30 - Hiseq-8/RDB296_ACCGACAA
1915,Melanoma (T),7,Snap,NKI,1111,2063,11,2142,60,F,2016-11-30 - Hiseq-8/RDB299_AGGTCTGT
1920,Melanoma (T),7,Snap,NKI,1111,2063,11,2147,73,M,2016-11-30 - Hiseq-8/RDB306_ACGAACGA
1924,Melanoma (T),7,Snap,NKI,1111,2063,11,2151,38,F,2016-11-30 - Hiseq-8/RDB311_ACTGCGAA
1934,Melanoma (T),7,Snap,NKI,1111,2063,11,2161,58,F,2016-11-30 - Hiseq-8/RDB324_AAGTGCAG
1896,Melanoma (T),7,Snap,MDACC,1063,2033,8,2045,N/A,M,2016-1-14 - Hiseq-5/RDB310_ACTGCACT
1748,Melanoma (T),7,Snap,MDACC,1019,2002,5,2047,N/A,M,Batch184/RDB67_TACATCGG
1749,Melanoma (T),7,Snap,MDACC,1019,2002,5,2005,N/A,F,Batch184/RDB68_TGGATGGT
1754,Melanoma (T),7,Snap,MDACC,1019,2003,5,2006,N/A,M,Batch184/RDB78_TGATCACG
1756,Melanoma (T),7,Snap,MDACC,1019,2003,5,2045,N/A,M,Batch184/RDB81_GAACGGTT
1758,Melanoma (T),7,Snap,MDACC,1019,2003,5,2013,N/A,F,Batch184/RDB83_TAGTGCCA
1759,Melanoma (T),7,Snap,MDACC,1019,2003,5,2002,N/A,N/A,Batch184/RDB85_AAGCCTGA
1760,Melanoma (T),7,Snap,MDACC,1019,2003,5,2021,N/A,M,Batch184/RDB86_AAGTCCTC
1761,Melanoma (T),7,Snap,MDACC,1020,2003,5,2015,N/A,M,Batch184/RDB87_ACGAGAAC
1762,Melanoma (T),7,Snap,MDACC,1020,2003,5,2021,N/A,M,Batch184/RDB88_AGATTGCG
1764,Melanoma (T),7,Snap,MDACC,1020,2005,6,2034,N/A,F,Batch380/RDB1_TTGGTGCA
1771,Melanoma (T),7,Snap,MDACC,1020,2005,6,2037,N/A,F,Batch380/RDB10_AGCCAACT
1773,Melanoma (T),7,Snap,MDACC,1020,2005,6,2021,N/A,M,Batch380/RDB13_ATCTGACC
1776,Melanoma (T),7,Snap,MDACC,1020,2005,6,2006,N/A,M,Batch380/RDB16_GAGCAATC
1780,Melanoma (T),7,Snap,MDACC,1021,2005,6,2036,N/A,M,Batch380/RDB21_ATAGAGCG
1783,Melanoma (T),7,Snap,MDACC,1021,2005,6,2119,N/A,F,Batch380/RDB25_CCTATTGG
1786,Melanoma (T),7,Snap,MDACC,1021,2005,6,2039,N/A,F,Batch380/RDB28_GCATCCTA
1766,Melanoma (T),7,Snap,MDACC,1020,2005,6,2006,N/A,M,Batch380/RDB3_CGGAGTAT
1794,Melanoma (T),7,Snap,MDACC,1021,2005,6,2038,N/A,M,Batch380/RDB38_TATGACCG
1795,Melanoma (T),7,Snap,MDACC,1021,2005,6,2021,N/A,M,Batch380/RDB39_ACGCAGTA
1767,Melanoma (T),7,Snap,MDACC,1020,2005,6,2014,N/A,F,Batch380/RDB4_TCAGACAC
1799,Melanoma (T),7,Snap,MDACC,1022,2005,6,2010,N/A,M,Batch380/RDB44_ACGGACTT
1801,Melanoma (T),7,Snap,MDACC,1022,2005,6,2041,N/A,M,Batch380/RDB46_GATCTTGC
1805,Melanoma (T),7,Snap,MDACC,1022,2005,6,2021,N/A,M,Batch380/RDB51_CAAGCCAA
1813,Melanoma (T),7,Snap,MDACC,1022,2005,6,2041,N/A,M,Batch380/RDB62_GTTCTTCG
1739,Melanoma (T),7,Snap,MGH,1008,2016,4,2128,N/A,N/A,Batch5/Deborah17_S18
1740,Melanoma (T),7,Snap,MGH,1008,2016,4,2129,N/A,N/A,Batch5/Deborah18_S19
1741,Melanoma (T),7,Snap,MGH,1008,2016,4,2130,N/A,N/A,Batch5/Deborah19_S20
1742,Melanoma (T),7,Snap,MGH,1008,2016,4,2131,N/A,N/A,Batch5/Deborah21_S22
1744,Melanoma (T),7,Snap,MGH,1008,2016,4,2133,N/A,N/A,Batch5/Deborah24_S25
1745,Melanoma (T),7,Snap,MGH,1008,2016,4,2118,N/A,N/A,Batch5/Deborah26_S27
1746,Melanoma (T),7,Snap,MGH,1008,2016,4,2118,N/A,N/A,Batch5/Deborah27_S28
1732,Melanoma (T),7,Snap,MGH,1006,2016,4,2121,N/A,N/A,Batch5/Deborah3_S4
1733,Melanoma (T),7,Snap,MGH,1006,2016,4,2122,N/A,N/A,Batch5/Deborah5_S6
1734,Melanoma (T),7,Snap,MGH,1006,2016,4,2123,N/A,N/A,Batch5/Deborah6_S7
1735,Melanoma (T),7,Snap,MGH,1006,2016,4,2124,N/A,N/A,Batch5/Deborah8_S9
1937,Pancreas (T),9,Snap,Sheba,1080,2044,10,8032,77,M,2016-10-13 - Hiseq-7/BC1_CTACCAGG
1945,Pancreas (T),9,Snap,Sheba,1080,2044,10,8025,53,M,2016-10-13 - Hiseq-7/BC10_GGTCCAGA
1946,Pancreas (T),9,Snap,Sheba,1080,2044,10,8020,58,M,2016-10-13 - Hiseq-7/BC11_GTATAACA
1947,Pancreas (T),9,Snap,Sheba,1080,2044,10,8022,60,M,2016-10-13 - Hiseq-7/BC13_AACTTGAC
1948,Pancreas (T),9,Snap,Sheba,1080,2044,10,8018,57,F,2016-10-13 - Hiseq-7/BC14_CACATCCT
1949,Pancreas (T),9,Snap,Sheba,1080,2044,10,8026,77,M,2016-10-13 - Hiseq-7/BC15_TCGGAATG
1950,Pancreas (T),9,Snap,Sheba,1080,2044,10,8013,68,M,2016-10-13 - Hiseq-7/BC18_TCTGGCGA
1938,Pancreas (T),9,Snap,Sheba,1080,2044,10,8029,67,F,2016-10-13 - Hiseq-7/BC2_CATGCTTA
1951,Pancreas (T),9,Snap,Sheba,1080,2044,10,8033,71,M,2016-10-13 - Hiseq-7/BC20_CAGGAGCC
1953,Pancreas (T),9,Snap,Sheba,1082,2044,10,8006,46,F,2016-10-13 - Hiseq-7/BC27_GACAGTAA
1954,Pancreas (T),9,Snap,Sheba,1082,2044,10,8011,73,M,2016-10-13 - Hiseq-7/BC28_CCTATGCC
1955,Pancreas (T),9,Snap,Sheba,1082,2044,10,8030,69,F,2016-10-13 - Hiseq-7/BC29_TCGCCTTG
1939,Pancreas (T),9,Snap,Sheba,1080,2044,10,8035,64,F,2016-10-13 - Hiseq-7/BC3_GCACATCT
1956,Pancreas (T),9,Snap,Sheba,1082,2044,10,8016,81,M,2016-10-13 - Hiseq-7/BC30_ATAGCGTC
1957,Pancreas (T),9,Snap,Sheba,1082,2044,10,8015,78,M,2016-10-13 - Hiseq-7/BC33_CGTTACCA
1958,Pancreas (T),9,Snap,Sheba,1082,2044,10,8031,70,M,2016-10-13 - Hiseq-7/BC34_GTCTGATG
1959,Pancreas (T),9,Snap,Sheba,1082,2044,10,8007,69,F,2016-10-13 - Hiseq-7/BC35_TTACGCAC
1960,Pancreas (T),9,Snap,Sheba,1082,2044,10,8009,84,F,2016-10-13 - Hiseq-7/BC36_TTGAATAG
1961,Pancreas (T),9,Snap,Sheba,1082,2044,10,8010,78,M,2016-10-13 - Hiseq-7/BC37_AAGACACT
1962,Pancreas (T),9,Snap,Sheba,1082,2044,10,8034,64,F,2016-10-13 - Hiseq-7/BC39_TCCAGCAA
1940,Pancreas (T),9,Snap,Sheba,1080,2044,10,8002,82,F,2016-10-13 - Hiseq-7/BC4_TGCTCGAC
1963,Pancreas (T),9,Snap,Sheba,1082,2044,10,8014,59,M,2016-10-13 - Hiseq-7/BC40_CCAGAGCT
1964,Pancreas (T),9,Snap,Sheba,1082,2044,10,8021,85,F,2016-10-13 - Hiseq-7/BC41_TCCTTGGT
1965,Pancreas (T),9,Snap,Sheba,1082,2044,10,8028,57,M,2016-10-13 - Hiseq-7/BC42_AGGTTATC
1966,Pancreas (T),9,Snap,Sheba,1082,2044,10,8012,42,M,2016-10-13 - Hiseq-7/BC43_GTCATCTA
1967,Pancreas (T),9,Snap,Sheba,1082,2044,10,8036,66,F,2016-10-13 - Hiseq-7/BC45_TCTCGGTC
1968,Pancreas (T),9,Snap,Sheba,1082,2044,10,8024,79,M,2016-10-13 - Hiseq-7/BC46_ATTGTCTG
1969,Pancreas (T),9,Snap,Sheba,1082,2045,10,8027,69,F,2016-10-13 - Hiseq-7/BC48_TAATGAAC
1970,Pancreas (T),9,Snap,Sheba,1082,2045,10,8019,58,F,2016-10-13 - Hiseq-7/BC49_AACGCATT
1941,Pancreas (T),9,Snap,Sheba,1080,2044,10,8003,59,F,2016-10-13 - Hiseq-7/BC5_AGCAATTC
1971,Pancreas (T),9,Snap,Sheba,1083,2045,10,8008,78,F,2016-10-13 - Hiseq-7/BC52_TAAGCACA
1972,Pancreas (T),9,Snap,Sheba,1083,2045,10,8001,75,M,2016-10-13 - Hiseq-7/BC53_AATGTTCT
1973,Pancreas (T),9,Snap,Sheba,1083,2045,10,8017,65,F,2016-10-13 - Hiseq-7/BC54_CAGCGGTA
1974,Pancreas (T),9,Snap,Sheba,1083,2045,10,8004,55,M,2016-10-13 - Hiseq-7/BC55_GACCAGGA
1942,Pancreas (T),9,Snap,Sheba,1080,2044,10,8037,79,F,2016-10-13 - Hiseq-7/BC7_CCAGTTAG
1943,Pancreas (T),9,Snap,Sheba,1080,2044,10,8038,72,M,2016-10-13 - Hiseq-7/BC8_TTGAGCCT
1944,Pancreas (T),9,Snap,Sheba,1080,2044,10,8005,59,M,2016-10-13 - Hiseq-7/BC9_ACCAACTG
1952,Pancreas (T),9,Snap,Sheba,1082,2049,10,8023,52,M,2016-10-13 - Hiseq-7/RDB180_TGGACCAT
1975,Pancreas (T),9,Snap,MGH,1001,2000,1,8063,N/A,N/A,BroadPancreas/BB-202
1976,Pancreas (T),9,Snap,MGH,1001,2000,1,8072,N/A,N/A,BroadPancreas/BB-204
1977,Pancreas (T),9,Snap,MGH,1001,2000,1,8076,N/A,N/A,BroadPancreas/BB-207
1978,Pancreas (T),9,Snap,MGH,1001,2000,1,8077,N/A,N/A,BroadPancreas/BB-211
1979,Pancreas (T),9,Snap,MGH,1001,2000,1,8078,N/A,N/A,BroadPancreas/BB-213
1980,Pancreas (T),9,Snap,MGH,1001,2000,1,8079,N/A,N/A,BroadPancreas/BB-216
1981,Pancreas (T),9,Snap,MGH,1001,2000,1,8080,N/A,N/A,BroadPancreas/BB-218
1982,Pancreas (T),9,Snap,MGH,1001,2000,1,8064,N/A,N/A,BroadPancreas/BB-223
1983,Pancreas (T),9,Snap,MGH,1001,2000,1,8066,N/A,N/A,BroadPancreas/BB-227
1984,Pancreas (T),9,Snap,MGH,1001,2000,1,8067,N/A,N/A,BroadPancreas/BB-231
1985,Pancreas (T),9,Snap,MGH,1001,2000,1,8070,N/A,N/A,BroadPancreas/BB-237
1986,Pancreas (T),9,Snap,MGH,1001,2000,1,8073,N/A,N/A,BroadPancreas/BB-245
1987,Pancreas (T),9,Snap,MGH,1001,2000,1,8074,N/A,N/A,BroadPancreas/BB-258
1988,Pancreas (T),9,Snap,MGH,1002,2000,1,8048,N/A,N/A,BroadPancreas/BB-302
1989,Pancreas (T),9,Snap,MGH,1002,2000,1,8049,N/A,N/A,BroadPancreas/BB-306
1990,Pancreas (T),9,Snap,MGH,1002,2000,1,8050,N/A,N/A,BroadPancreas/BB-310
1991,Pancreas (T),9,Snap,MGH,1002,2000,1,8053,N/A,N/A,BroadPancreas/BB-346
1992,Pancreas (T),9,Snap,MGH,1002,2000,1,8054,N/A,N/A,BroadPancreas/BB-350
1993,Pancreas (T),9,Snap,MGH,1002,2000,1,8056,N/A,N/A,BroadPancreas/BB-355
1994,Pancreas (T),9,Snap,MGH,1002,2000,1,8058,N/A,N/A,BroadPancreas/BB-370
1995,Pancreas (T),9,Snap,MGH,1002,2000,1,8059,N/A,N/A,BroadPancreas/BB-372
1996,Pancreas (T),9,Snap,MGH,1002,2000,1,8060,N/A,N/A,BroadPancreas/BB-374
1997,Pancreas (T),9,Snap,MGH,1003,2000,1,8040,N/A,N/A,BroadPancreas/BB-404
1998,Pancreas (T),9,Snap,MGH,1003,2000,1,8041,N/A,N/A,BroadPancreas/BB-410
1999,Pancreas (T),9,Snap,MGH,1003,2000,1,8043,N/A,N/A,BroadPancreas/BB-417
2000,Pancreas (T),9,Snap,MGH,1003,2000,1,8044,N/A,N/A,BroadPancreas/BB-419
2001,Pancreas (T),9,Snap,MGH,1003,2000,1,8045,N/A,N/A,BroadPancreas/BB-421
2002,Pancreas (T),9,Snap,MGH,1003,2000,1,8047,N/A,N/A,BroadPancreas/BB-428
2003,Pancreas (T),9,Snap,MGH,1003,2000,1,8061,N/A,N/A,BroadPancreas/BB-442
2073,Ovary (T),11,Snap,Rambam,1090,2052,10,3021,63,F,2016-10-13 - Hiseq-7/RDB249_ATCATGCG
2074,Ovary (T),11,Snap,Rambam,1090,2052,10,3020,44,F,2016-10-13 - Hiseq-7/RDB252_CAGCATAC
2075,Ovary (T),11,Snap,Rambam,1090,2052,10,3015,64,F,2016-10-13 - Hiseq-7/RDB255_CCACAACA
2076,Ovary (T),11,Snap,Rambam,1090,2052,10,3014,58,F,2016-10-13 - Hiseq-7/RDB261_GCAATTCC
2077,Ovary (T),11,Snap,Rambam,1090,2052,10,3016,53,F,2016-10-13 - Hiseq-7/RDB262_GGTCACTA
2078,Ovary (T),11,Snap,Rambam,1090,2052,10,3022,45,F,2016-10-13 - Hiseq-7/RDB264_TACACACG
2079,Ovary (T),11,Snap,Rambam,1090,2052,10,3019,44,F,2016-10-13 - Hiseq-7/RDB265_TAGTGGTG
2080,Ovary (T),11,Snap,Rambam,1090,2052,10,3017,62,F,2016-10-13 - Hiseq-7/RDB266_AACAGTCC
2081,Ovary (T),11,Snap,Rambam,1090,2052,10,3018,40,F,2016-10-13 - Hiseq-7/RDB267_AACTGAGG
2082,Ovary (T),11,Snap,Rambam,1090,2052,10,3024,69,F,2016-10-13 - Hiseq-7/RDB268_AAGCTCAC
2083,Ovary (T),11,Snap,Rambam,1092,2053,10,3026,68,F,2016-10-13 - Hiseq-7/RDB297_AGACCTTG
2084,Ovary (T),11,Snap,Rambam,1092,2053,10,3025,49,F,2016-10-13 - Hiseq-7/RDB312_AGACGCTA
2085,Ovary (T),11,Snap,Rambam,1092,2053,10,3027,37,F,2016-10-13 - Hiseq-7/RDB317_ACAAGACG
2087,Ovary (T),11,Snap,Rambam,1093,2054,11,3029,52,F,2016-11-30 - Hiseq-8/BC15_TCGGAATG
2088,Ovary (T),11,Snap,Rambam,1093,2054,11,3023,51,F,2016-11-30 - Hiseq-8/BC17_GCACACGA
2089,Ovary (T),11,Snap,Rambam,1093,2054,11,3030,59,F,2016-11-30 - Hiseq-8/BC19_CATAGCGA
2086,Ovary (T),11,Snap,Rambam,1093,2054,11,3031,54,F,2016-11-30 - Hiseq-8/BC8_TTGAGCCT
2090,Ovary (T),11,Snap,Rambam,1100,2062,11,3028,45,F,2016-11-30 - Hiseq-8/RDB266_AACAGTCC
2044,Ovary (T),11,FFPE,Sheba,1057,2031,8,3038,48,F,2016-1-14 - Hiseq-5/BC13_AACTTGAC
2045,Ovary (T),11,FFPE,Sheba,1057,2031,8,3039,36,F,2016-1-14 - Hiseq-5/BC14_CACATCCT
2046,Ovary (T),11,FFPE,Sheba,1057,2031,8,3042,37,F,2016-1-14 - Hiseq-5/BC15_TCGGAATG
2047,Ovary (T),11,FFPE,Sheba,1057,2031,8,3042,37,F,2016-1-14 - Hiseq-5/BC17_GCACACGA
2048,Ovary (T),11,FFPE,Sheba,1057,2031,8,3032,53,F,2016-1-14 - Hiseq-5/BC18_TCTGGCGA
2049,Ovary (T),11,FFPE,Sheba,1057,2031,8,3037,87,F,2016-1-14 - Hiseq-5/BC19_CATAGCGA
2050,Ovary (T),11,FFPE,Sheba,1057,2031,8,3035,72,F,2016-1-14 - Hiseq-5/BC20_CAGGAGCC
2051,Ovary (T),11,FFPE,Sheba,1057,2031,8,3034,45,F,2016-1-14 - Hiseq-5/BC21_TGTCGGAT
2052,Ovary (T),11,FFPE,Sheba,1057,2032,8,3033,69,F,2016-1-14 - Hiseq-5/BC26_AGGATCTA
2053,Ovary (T),11,FFPE,Sheba,1057,2032,8,3041,64,F,2016-1-14 - Hiseq-5/BC27_GACAGTAA
2054,Ovary (T),11,FFPE,Sheba,1057,2032,8,3036,53,F,2016-1-14 - Hiseq-5/BC28_CCTATGCC
2055,Ovary (T),11,FFPE,Sheba,1057,2032,8,3040,66,F,2016-1-14 - Hiseq-5/BC29_TCGCCTTG
2056,Ovary (T),11,FFPE,Sheba,1057,2032,8,3045,75,F,2016-1-14 - Hiseq-5/BC30_ATAGCGTC
2057,Ovary (T),11,FFPE,Sheba,1058,2032,8,3046,57,F,2016-1-14 - Hiseq-5/BC39_TCCAGCAA
2058,Ovary (T),11,FFPE,Sheba,1058,2032,8,3072,61,F,2016-1-14 - Hiseq-5/BC40_CCAGAGCT
2059,Ovary (T),11,FFPE,Sheba,1058,2032,8,3043,68,F,2016-1-14 - Hiseq-5/BC44_CCTTCGCA
2061,Ovary (T),11,FFPE,Sheba,1058,2032,8,3064,47,F,2016-1-14 - Hiseq-5/BC51_CTGTAATC
2062,Ovary (T),11,FFPE,Sheba,1058,2032,8,3065,69,F,2016-1-14 - Hiseq-5/BC52_TAAGCACA
2063,Ovary (T),11,FFPE,Sheba,1058,2032,8,3056,74,F,2016-1-14 - Hiseq-5/BC53_AATGTTCT
2064,Ovary (T),11,FFPE,Sheba,1058,2032,8,3061,74,F,2016-1-14 - Hiseq-5/BC54_CAGCGGTA
2065,Ovary (T),11,FFPE,Sheba,1058,2032,8,3066,64,F,2016-1-14 - Hiseq-5/BC56_TATCCAGG
2066,Ovary (T),11,FFPE,Sheba,1058,2032,8,3067,59,F,2016-1-14 - Hiseq-5/BC57_ACAGGTAT
2067,Ovary (T),11,FFPE,Sheba,1058,2032,8,3062,74,F,2016-1-14 - Hiseq-5/BC58_CCAACATT
2068,Ovary (T),11,FFPE,Sheba,1058,2032,8,3069,75,F,2016-1-14 - Hiseq-5/BC59_GCCGTCGA
2069,Ovary (T),11,FFPE,Sheba,1058,2032,8,3068,65,F,2016-1-14 - Hiseq-5/BC63_GCCTAGCC
2070,Ovary (T),11,FFPE,Sheba,1058,2032,8,3070,73,F,2016-1-14 - Hiseq-5/BC64_TGCTGCTG
2071,Ovary (T),11,FFPE,Sheba,1058,2032,8,3073,66,F,2016-1-14 - Hiseq-5/BC65_AGGTAAGG
2033,Ovary (T),11,Snap,Sheba,1015,2012,6,3005,N/A,F,Batch380/RDB242_ACACTCTG
2034,Ovary (T),11,Snap,Sheba,1015,2012,6,3003,N/A,F,Batch380/RDB243_ACATGCCA
2035,Ovary (T),11,Snap,Sheba,1015,2012,6,3004,N/A,F,Batch380/RDB244_ACGAATCC
2036,Ovary (T),11,Snap,Sheba,1015,2012,6,3001,N/A,F,Batch380/RDB245_AGAAGTGG
2037,Ovary (T),11,Snap,Sheba,1015,2012,6,3002,N/A,F,Batch380/RDB246_AGCTAGTG
2038,Ovary (T),11,Snap,Sheba,1015,2012,6,3006,N/A,F,Batch380/RDB248_AGTCAGGT
2039,Ovary (T),11,Snap,Sheba,1015,2012,6,3007,N/A,F,Batch380/RDB249_ATCATGCG
2040,Ovary (T),11,Snap,Sheba,1015,2012,6,3009,N/A,F,Batch380/RDB250_CAACACAG
2041,Ovary (T),11,Snap,Sheba,1015,2012,6,3013,N/A,F,Batch380/RDB251_CACGTCTA
2042,Ovary (T),11,Snap,Sheba,1015,2012,6,3010,N/A,F,Batch380/RDB252_CAGCATAC
2043,Ovary (T),11,Snap,Sheba,1015,2012,6,3008,N/A,F,Batch380/RDB253_CATCAACC
