Sample_ID,Sample_ID_original,Group,DNA_batch,PCR_batch,Center,Material,Age,Gender,Patient_ID,Sample_ID_clean
2015_11_17___Hiseq_4_RDB150_AAGCTGGT,2015-11-17 - Hiseq-4/RDB150_AAGCTGGT,Tumor,1041,2020,Sheba,FFPE,76,M,1029,2015_11_17___Hiseq_4_RDB150_AAGCTGGT
2015_11_17___Hiseq_4_RDB151_AATTCCGG,2015-11-17 - Hiseq-4/RDB151_AATTCCGG,NAT,1041,2020,Sheba,FFPE,76,M,1029,2015_11_17___Hiseq_4_RDB151_AATTCCGG
2015_11_17___Hiseq_4_RDB152_ACCTCTTC,2015-11-17 - Hiseq-4/RDB152_ACCTCTTC,NAT,1041,2020,Sheba,FFPE,77,M,1014,2015_11_17___Hiseq_4_RDB152_ACCTCTTC
2015_11_17___Hiseq_4_RDB153_ACGGTACA,2015-11-17 - Hiseq-4/RDB153_ACGGTACA,Tumor,1041,2020,Sheba,FFPE,77,M,1014,2015_11_17___Hiseq_4_RDB153_ACGGTACA
2015_11_17___Hiseq_4_RDB154_ATCTCCTG,2015-11-17 - Hiseq-4/RDB154_ATCTCCTG,NAT,1041,2020,Sheba,FFPE,59,F,1021,2015_11_17___Hiseq_4_RDB154_ATCTCCTG
2015_11_17___Hiseq_4_RDB158_CTCTCAGA,2015-11-17 - Hiseq-4/RDB158_CTCTCAGA,Tumor,1041,2020,Sheba,FFPE,66,M,1052,2015_11_17___Hiseq_4_RDB158_CTCTCAGA
2015_11_17___Hiseq_4_RDB160_GAGCTCTA,2015-11-17 - Hiseq-4/RDB160_GAGCTCTA,Tumor,1041,2020,Sheba,FFPE,73,M,1062,2015_11_17___Hiseq_4_RDB160_GAGCTCTA
2015_11_17___Hiseq_4_RDB164_GTCGAGAA,2015-11-17 - Hiseq-4/RDB164_GTCGAGAA,Tumor,1042,2020,Sheba,FFPE,60,M,1007,2015_11_17___Hiseq_4_RDB164_GTCGAGAA
2015_11_17___Hiseq_4_RDB165_TATGGCAC,2015-11-17 - Hiseq-4/RDB165_TATGGCAC,NAT,1042,2020,Sheba,FFPE,63,M,1016,2015_11_17___Hiseq_4_RDB165_TATGGCAC
2015_11_17___Hiseq_4_RDB166_TCGTCTGA,2015-11-17 - Hiseq-4/RDB166_TCGTCTGA,Tumor,1042,2020,Sheba,FFPE,63,M,1016,2015_11_17___Hiseq_4_RDB166_TCGTCTGA
2015_11_17___Hiseq_4_RDB168_TTCCAGGT,2015-11-17 - Hiseq-4/RDB168_TTCCAGGT,Tumor,1042,2020,Sheba,FFPE,70,M,1018,2015_11_17___Hiseq_4_RDB168_TTCCAGGT
2015_11_17___Hiseq_4_RDB169_TTCGGCTA,2015-11-17 - Hiseq-4/RDB169_TTCGGCTA,NAT,1042,2020,Sheba,FFPE,70,M,1018,2015_11_17___Hiseq_4_RDB169_TTCGGCTA
2015_11_17___Hiseq_4_RDB170_AACCGTGT,2015-11-17 - Hiseq-4/RDB170_AACCGTGT,Tumor,1042,2020,Sheba,FFPE,68,F,1027,2015_11_17___Hiseq_4_RDB170_AACCGTGT
2015_11_17___Hiseq_4_RDB171_ACGCTTCT,2015-11-17 - Hiseq-4/RDB171_ACGCTTCT,NAT,1042,2020,Sheba,FFPE,51,F,1008,2015_11_17___Hiseq_4_RDB171_ACGCTTCT
2015_11_17___Hiseq_4_RDB174_GGTTGAAC,2015-11-17 - Hiseq-4/RDB174_GGTTGAAC,NAT,1042,2020,Sheba,FFPE,58,M,1004,2015_11_17___Hiseq_4_RDB174_GGTTGAAC
2015_11_17___Hiseq_4_RDB175_CGCTGATA,2015-11-17 - Hiseq-4/RDB175_CGCTGATA,Tumor,1042,2020,Sheba,FFPE,82,F,1026,2015_11_17___Hiseq_4_RDB175_CGCTGATA
2015_11_17___Hiseq_4_RDB176_GCCAATAC,2015-11-17 - Hiseq-4/RDB176_GCCAATAC,Tumor,1042,2020,Sheba,FFPE,63,F,1025,2015_11_17___Hiseq_4_RDB176_GCCAATAC
2015_11_17___Hiseq_4_RDB177_GGTACTTC,2015-11-17 - Hiseq-4/RDB177_GGTACTTC,Tumor,1042,2020,Sheba,FFPE,57,M,1022,2015_11_17___Hiseq_4_RDB177_GGTACTTC
2015_11_17___Hiseq_4_RDB178_GGTATAGG,2015-11-17 - Hiseq-4/RDB178_GGTATAGG,Tumor,1042,2020,Sheba,FFPE,60,M,1057,2015_11_17___Hiseq_4_RDB178_GGTATAGG
2015_11_17___Hiseq_4_RDB187_CAGTGCTT,2015-11-17 - Hiseq-4/RDB187_CAGTGCTT,NAT,1042,2021,Sheba,FFPE,60,M,1057,2015_11_17___Hiseq_4_RDB187_CAGTGCTT
2015_11_17___Hiseq_4_RDB189_GTTGCTGT,2015-11-17 - Hiseq-4/RDB189_GTTGCTGT,NAT,1043,2021,Sheba,FFPE,68,F,1027,2015_11_17___Hiseq_4_RDB189_GTTGCTGT
2015_11_17___Hiseq_4_RDB192_GCCAGAAT,2015-11-17 - Hiseq-4/RDB192_GCCAGAAT,NAT,1043,2021,Sheba,FFPE,60,M,1059,2015_11_17___Hiseq_4_RDB192_GCCAGAAT
2015_11_17___Hiseq_4_RDB193_CTCGAACA,2015-11-17 - Hiseq-4/RDB193_CTCGAACA,Tumor,1043,2021,Sheba,FFPE,60,M,1059,2015_11_17___Hiseq_4_RDB193_CTCGAACA
2015_11_17___Hiseq_4_RDB196_CTTCCTTC,2015-11-17 - Hiseq-4/RDB196_CTTCCTTC,Tumor,1043,2021,Sheba,FFPE,57,M,1030,2015_11_17___Hiseq_4_RDB196_CTTCCTTC
2015_11_17___Hiseq_4_RDB199_GTCCTTGA,2015-11-17 - Hiseq-4/RDB199_GTCCTTGA,Tumor,1043,2021,Sheba,FFPE,54,M,1019,2015_11_17___Hiseq_4_RDB199_GTCCTTGA
2015_11_17___Hiseq_4_RDB201_TACTCCAG,2015-11-17 - Hiseq-4/RDB201_TACTCCAG,Tumor,1043,2021,Sheba,FFPE,72,F,1011,2015_11_17___Hiseq_4_RDB201_TACTCCAG
2015_11_17___Hiseq_4_RDB202_TCCACGTT,2015-11-17 - Hiseq-4/RDB202_TCCACGTT,Tumor,1043,2021,Sheba,FFPE,58,M,1004,2015_11_17___Hiseq_4_RDB202_TCCACGTT
2015_11_17___Hiseq_4_RDB205_AAGAGGCA,2015-11-17 - Hiseq-4/RDB205_AAGAGGCA,Tumor,1043,2021,Sheba,FFPE,69,M,1024,2015_11_17___Hiseq_4_RDB205_AAGAGGCA
2015_11_17___Hiseq_4_RDB207_ACTCAACG,2015-11-17 - Hiseq-4/RDB207_ACTCAACG,NAT,1043,2021,Sheba,FFPE,63,F,1025,2015_11_17___Hiseq_4_RDB207_ACTCAACG
2015_11_17___Hiseq_4_RDB210_AGCAGACA,2015-11-17 - Hiseq-4/RDB210_AGCAGACA,NAT,1043,2021,Sheba,FFPE,57,M,1030,2015_11_17___Hiseq_4_RDB210_AGCAGACA
2015_11_17___Hiseq_4_RDB211_AGCTTCAG,2015-11-17 - Hiseq-4/RDB211_AGCTTCAG,Tumor,1043,2021,Sheba,FFPE,69,F,1002,2015_11_17___Hiseq_4_RDB211_AGCTTCAG
2015_11_17___Hiseq_4_RDB212_AGGAGGTT,2015-11-17 - Hiseq-4/RDB212_AGGAGGTT,Tumor,1043,2021,Sheba,FFPE,56,M,1023,2015_11_17___Hiseq_4_RDB212_AGGAGGTT
2015_11_17___Hiseq_4_RDB213_AGGTTCCT,2015-11-17 - Hiseq-4/RDB213_AGGTTCCT,Tumor,1045,2021,Sheba,FFPE,51,F,1008,2015_11_17___Hiseq_4_RDB213_AGGTTCCT
2015_11_17___Hiseq_4_RDB214_AGTACACG,2015-11-17 - Hiseq-4/RDB214_AGTACACG,NAT,1045,2021,Sheba,FFPE,60,M,1007,2015_11_17___Hiseq_4_RDB214_AGTACACG
2015_11_17___Hiseq_4_RDB216_ATCGGAGA,2015-11-17 - Hiseq-4/RDB216_ATCGGAGA,NAT,1045,2021,Sheba,FFPE,69,M,1001,2015_11_17___Hiseq_4_RDB216_ATCGGAGA
2015_11_17___Hiseq_4_RDB223_CTAAGACC,2015-11-17 - Hiseq-4/RDB223_CTAAGACC,NAT,1045,2021,Sheba,FFPE,73,M,1062,2015_11_17___Hiseq_4_RDB223_CTAAGACC
2015_11_17___Hiseq_4_RDB229_GCTAAGGA,2015-11-17 - Hiseq-4/RDB229_GCTAAGGA,NAT,1035,2022,Sheba,Snap,51,F,1031,2015_11_17___Hiseq_4_RDB229_GCTAAGGA
2015_11_17___Hiseq_4_RDB230_GCTCAGTT,2015-11-17 - Hiseq-4/RDB230_GCTCAGTT,Tumor,1035,2022,Sheba,Snap,51,F,1031,2015_11_17___Hiseq_4_RDB230_GCTCAGTT
2015_11_17___Hiseq_4_RDB231_GGACAGAT,2015-11-17 - Hiseq-4/RDB231_GGACAGAT,NAT,1035,2022,Sheba,Snap,59,M,1032,2015_11_17___Hiseq_4_RDB231_GGACAGAT
2015_11_17___Hiseq_4_RDB232_GGATCTGA,2015-11-17 - Hiseq-4/RDB232_GGATCTGA,Tumor,1035,2022,Sheba,Snap,59,M,1032,2015_11_17___Hiseq_4_RDB232_GGATCTGA
2015_11_17___Hiseq_4_RDB233_GTTCCATG,2015-11-17 - Hiseq-4/RDB233_GTTCCATG,NAT,1035,2022,Sheba,Snap,57,F,1033,2015_11_17___Hiseq_4_RDB233_GTTCCATG
2015_11_17___Hiseq_4_RDB235_TAGCTGAG,2015-11-17 - Hiseq-4/RDB235_TAGCTGAG,Tumor,1035,2022,Sheba,Snap,57,F,1033,2015_11_17___Hiseq_4_RDB235_TAGCTGAG
2015_11_17___Hiseq_4_RDB236_TAGTCTCG,2015-11-17 - Hiseq-4/RDB236_TAGTCTCG,NAT,1035,2022,Sheba,Snap,68,M,1034,2015_11_17___Hiseq_4_RDB236_TAGTCTCG
2015_11_17___Hiseq_4_RDB237_TCCTGGTA,2015-11-17 - Hiseq-4/RDB237_TCCTGGTA,Tumor,1035,2022,Sheba,Snap,68,M,1034,2015_11_17___Hiseq_4_RDB237_TCCTGGTA
2015_11_17___Hiseq_4_RDB238_TCGATGAC,2015-11-17 - Hiseq-4/RDB238_TCGATGAC,NAT,1035,2022,Sheba,Snap,73,F,1035,2015_11_17___Hiseq_4_RDB238_TCGATGAC
2015_11_17___Hiseq_4_RDB239_AACCACTC,2015-11-17 - Hiseq-4/RDB239_AACCACTC,Tumor,1035,2022,Sheba,Snap,73,F,1035,2015_11_17___Hiseq_4_RDB239_AACCACTC
2015_11_17___Hiseq_4_RDB241_ACACCGAT,2015-11-17 - Hiseq-4/RDB241_ACACCGAT,NAT,1035,2022,Sheba,Snap,58,F,1036,2015_11_17___Hiseq_4_RDB241_ACACCGAT
2015_11_17___Hiseq_4_RDB242_ACACTCTG,2015-11-17 - Hiseq-4/RDB242_ACACTCTG,Tumor,1035,2022,Sheba,Snap,58,F,1036,2015_11_17___Hiseq_4_RDB242_ACACTCTG
2015_11_17___Hiseq_4_RDB243_ACATGCCA,2015-11-17 - Hiseq-4/RDB243_ACATGCCA,NAT,1035,2022,Sheba,Snap,77,M,1037,2015_11_17___Hiseq_4_RDB243_ACATGCCA
2015_11_17___Hiseq_4_RDB244_ACGAATCC,2015-11-17 - Hiseq-4/RDB244_ACGAATCC,Tumor,1035,2022,Sheba,Snap,77,M,1037,2015_11_17___Hiseq_4_RDB244_ACGAATCC
2015_11_17___Hiseq_4_RDB245_AGAAGTGG,2015-11-17 - Hiseq-4/RDB245_AGAAGTGG,NAT,1035,2022,Sheba,Snap,77,F,1038,2015_11_17___Hiseq_4_RDB245_AGAAGTGG
2015_11_17___Hiseq_4_RDB247_AGGAACAC,2015-11-17 - Hiseq-4/RDB247_AGGAACAC,Tumor,1035,2022,Sheba,Snap,77,F,1038,2015_11_17___Hiseq_4_RDB247_AGGAACAC
2015_11_17___Hiseq_4_RDB91_TCGAGAGT,2015-11-17 - Hiseq-4/RDB91_TCGAGAGT,NAT,1036,2019,Sheba,FFPE,70,F,1017,2015_11_17___Hiseq_4_RDB91_TCGAGAGT
2015_11_17___Hiseq_4_RDB92_GCGTATCA,2015-11-17 - Hiseq-4/RDB92_GCGTATCA,Tumor,1036,2019,Sheba,FFPE,70,F,1017,2015_11_17___Hiseq_4_RDB92_GCGTATCA
2015_11_17___Hiseq_4_RDB93_TGTTCCGT,2015-11-17 - Hiseq-4/RDB93_TGTTCCGT,Tumor,1036,2019,Sheba,FFPE,64,F,1005,2015_11_17___Hiseq_4_RDB93_TGTTCCGT
2015_11_17___Hiseq_4_RDB94_ATACTGGC,2015-11-17 - Hiseq-4/RDB94_ATACTGGC,Tumor,1036,2019,Sheba,FFPE,75,F,1015,2015_11_17___Hiseq_4_RDB94_ATACTGGC
2015_11_17___Hiseq_4_RDB96_GGTGTACA,2015-11-17 - Hiseq-4/RDB96_GGTGTACA,Tumor,1036,2019,Sheba,FFPE,69,M,1013,2015_11_17___Hiseq_4_RDB96_GGTGTACA
2015_11_17___Hiseq_4_RDB97_GTAACCGA,2015-11-17 - Hiseq-4/RDB97_GTAACCGA,Tumor,1036,2019,Sheba,FFPE,63,M,1009,2015_11_17___Hiseq_4_RDB97_GTAACCGA
2015_11_17___Hiseq_4_RDB98_GTGTGTTC,2015-11-17 - Hiseq-4/RDB98_GTGTGTTC,Tumor,1036,2019,Sheba,FFPE,64,M,1006,2015_11_17___Hiseq_4_RDB98_GTGTGTTC
2016_07_15___Hiseq_6_RDB274_ACCTCAGT,2016-07-15 - Hiseq-6/RDB274_ACCTCAGT,NAT,1076,2041,Sheba,Snap,70,M,1043,2016_07_15___Hiseq_6_RDB274_ACCTCAGT
2016_07_15___Hiseq_6_RDB275_ACTATCGC,2016-07-15 - Hiseq-6/RDB275_ACTATCGC,NAT,1076,2041,Sheba,Snap,76,M,1044,2016_07_15___Hiseq_6_RDB275_ACTATCGC
2016_07_15___Hiseq_6_RDB276_AGAAGCCT,2016-07-15 - Hiseq-6/RDB276_AGAAGCCT,Tumor,1076,2041,Sheba,Snap,81,M,1045,2016_07_15___Hiseq_6_RDB276_AGAAGCCT
2016_07_15___Hiseq_6_RDB277_AGTGGCAA,2016-07-15 - Hiseq-6/RDB277_AGTGGCAA,NAT,1076,2041,Sheba,Snap,67,M,1046,2016_07_15___Hiseq_6_RDB277_AGTGGCAA
2016_07_15___Hiseq_6_RDB281_CAAGTCGT,2016-07-15 - Hiseq-6/RDB281_CAAGTCGT,NAT,1076,2042,Sheba,Snap,81,M,1045,2016_07_15___Hiseq_6_RDB281_CAAGTCGT
2016_07_15___Hiseq_6_RDB283_CCAACGAA,2016-07-15 - Hiseq-6/RDB283_CCAACGAA,Tumor,1076,2042,Sheba,Snap,76,M,1044,2016_07_15___Hiseq_6_RDB283_CCAACGAA
2016_07_15___Hiseq_6_RDB284_CCTGTCAA,2016-07-15 - Hiseq-6/RDB284_CCTGTCAA,Tumor,1076,2042,Sheba,Snap,70,M,1043,2016_07_15___Hiseq_6_RDB284_CCTGTCAA
2016_07_15___Hiseq_6_RDB285_CGACACTT,2016-07-15 - Hiseq-6/RDB285_CGACACTT,NAT,1076,2042,Sheba,Snap,69,F,1047,2016_07_15___Hiseq_6_RDB285_CGACACTT
2016_07_15___Hiseq_6_RDB286_CGGTTGTT,2016-07-15 - Hiseq-6/RDB286_CGGTTGTT,Tumor,1076,2042,Sheba,Snap,69,F,1047,2016_07_15___Hiseq_6_RDB286_CGGTTGTT
2016_07_15___Hiseq_6_RDB287_CTACATCC,2016-07-15 - Hiseq-6/RDB287_CTACATCC,Tumor,1076,2042,Sheba,Snap,67,M,1046,2016_07_15___Hiseq_6_RDB287_CTACATCC
2016_10_13___Hiseq_7_BC56_TATCCAGG,2016-10-13 - Hiseq-7/BC56_TATCCAGG,NAT,1083,2045,COH,Snap,80,M,1129,2016_10_13___Hiseq_7_BC56_TATCCAGG
2016_10_13___Hiseq_7_BC58_CCAACATT,2016-10-13 - Hiseq-7/BC58_CCAACATT,Tumor,1083,2045,COH,Snap,80,M,1129,2016_10_13___Hiseq_7_BC58_CCAACATT
2016_10_13___Hiseq_7_BC59_GCCGTCGA,2016-10-13 - Hiseq-7/BC59_GCCGTCGA,NAT,1083,2045,COH,Snap,83,M,1145,2016_10_13___Hiseq_7_BC59_GCCGTCGA
2016_10_13___Hiseq_7_BC60_TATCTGCC,2016-10-13 - Hiseq-7/BC60_TATCTGCC,Tumor,1083,2045,COH,Snap,83,M,1145,2016_10_13___Hiseq_7_BC60_TATCTGCC
2016_10_13___Hiseq_7_BC61_ACTAAGAC,2016-10-13 - Hiseq-7/BC61_ACTAAGAC,NAT,1083,2045,COH,Snap,69,M,1131,2016_10_13___Hiseq_7_BC61_ACTAAGAC
2016_10_13___Hiseq_7_BC62_CGCCTTCC,2016-10-13 - Hiseq-7/BC62_CGCCTTCC,Tumor,1083,2045,COH,Snap,69,M,1131,2016_10_13___Hiseq_7_BC62_CGCCTTCC
2016_10_13___Hiseq_7_BC67_GTAACATC,2016-10-13 - Hiseq-7/BC67_GTAACATC,NAT,1083,2045,COH,Snap,70,M,1132,2016_10_13___Hiseq_7_BC67_GTAACATC
2016_10_13___Hiseq_7_BC68_TGTAATCA,2016-10-13 - Hiseq-7/BC68_TGTAATCA,Tumor,1083,2045,COH,Snap,70,M,1132,2016_10_13___Hiseq_7_BC68_TGTAATCA
2016_10_13___Hiseq_7_BC69_ATTATCAA,2016-10-13 - Hiseq-7/BC69_ATTATCAA,NAT,1083,2045,COH,Snap,84,M,1134,2016_10_13___Hiseq_7_BC69_ATTATCAA
2016_10_13___Hiseq_7_BC71_GTCCACAG,2016-10-13 - Hiseq-7/BC71_GTCCACAG,Tumor,1083,2045,COH,Snap,84,M,1134,2016_10_13___Hiseq_7_BC71_GTCCACAG
2016_10_13___Hiseq_7_BC72_TTGTCTAT,2016-10-13 - Hiseq-7/BC72_TTGTCTAT,NAT,1083,2045,COH,Snap,78,F,1144,2016_10_13___Hiseq_7_BC72_TTGTCTAT
2016_10_13___Hiseq_7_BC73_AACAATGG,2016-10-13 - Hiseq-7/BC73_AACAATGG,Tumor,1083,2045,COH,Snap,78,F,1144,2016_10_13___Hiseq_7_BC73_AACAATGG
2016_10_13___Hiseq_7_BC74_ATTCCTCT,2016-10-13 - Hiseq-7/BC74_ATTCCTCT,NAT,1083,2045,COH,Snap,68,F,1146,2016_10_13___Hiseq_7_BC74_ATTCCTCT
2016_10_13___Hiseq_7_BC75_GAAGGAAG,2016-10-13 - Hiseq-7/BC75_GAAGGAAG,Tumor,1083,2045,COH,Snap,68,F,1146,2016_10_13___Hiseq_7_BC75_GAAGGAAG
2016_10_13___Hiseq_7_BC77_ACAGTTGA,2016-10-13 - Hiseq-7/BC77_ACAGTTGA,NAT,1084,2045,COH,Snap,60,F,1143,2016_10_13___Hiseq_7_BC77_ACAGTTGA
2016_10_13___Hiseq_7_BC78_CAATAGTC,2016-10-13 - Hiseq-7/BC78_CAATAGTC,Tumor,1084,2045,COH,Snap,60,F,1143,2016_10_13___Hiseq_7_BC78_CAATAGTC
2016_10_13___Hiseq_7_BC80_TCTGCAAG,2016-10-13 - Hiseq-7/BC80_TCTGCAAG,NAT,1084,2045,COH,Snap,67,F,1138,2016_10_13___Hiseq_7_BC80_TCTGCAAG
2016_10_13___Hiseq_7_BC81_ACTGTATC,2016-10-13 - Hiseq-7/BC81_ACTGTATC,Tumor,1084,2045,COH,Snap,67,F,1138,2016_10_13___Hiseq_7_BC81_ACTGTATC
2016_10_13___Hiseq_7_BC82_CCAGCACC,2016-10-13 - Hiseq-7/BC82_CCAGCACC,NAT,1084,2045,COH,Snap,92,M,1140,2016_10_13___Hiseq_7_BC82_CCAGCACC
2016_10_13___Hiseq_7_BC84_TGCAAGTA,2016-10-13 - Hiseq-7/BC84_TGCAAGTA,Tumor,1084,2045,COH,Snap,92,M,1140,2016_10_13___Hiseq_7_BC84_TGCAAGTA
2016_10_13___Hiseq_7_BC85_AGCATGGA,2016-10-13 - Hiseq-7/BC85_AGCATGGA,NAT,1084,2045,COH,Snap,77,M,1135,2016_10_13___Hiseq_7_BC85_AGCATGGA
2016_10_13___Hiseq_7_BC86_CGCTATGT,2016-10-13 - Hiseq-7/BC86_CGCTATGT,Tumor,1084,2045,COH,Snap,77,M,1135,2016_10_13___Hiseq_7_BC86_CGCTATGT
2016_10_13___Hiseq_7_BC87_GATATCCA,2016-10-13 - Hiseq-7/BC87_GATATCCA,NAT,1084,2045,COH,Snap,66,M,1139,2016_10_13___Hiseq_7_BC87_GATATCCA
2016_10_13___Hiseq_7_BC88_TGTAACTC,2016-10-13 - Hiseq-7/BC88_TGTAACTC,Tumor,1084,2045,COH,Snap,66,M,1139,2016_10_13___Hiseq_7_BC88_TGTAACTC
2016_10_13___Hiseq_7_BC90_CTGCGGAT,2016-10-13 - Hiseq-7/BC90_CTGCGGAT,NAT,1084,2045,COH,Snap,52,F,1142,2016_10_13___Hiseq_7_BC90_CTGCGGAT
2016_10_13___Hiseq_7_BC91_GCAGCCGT,2016-10-13 - Hiseq-7/BC91_GCAGCCGT,Tumor,1084,2045,COH,Snap,52,F,1142,2016_10_13___Hiseq_7_BC91_GCAGCCGT
2016_10_13___Hiseq_7_BC92_TTAATCAG,2016-10-13 - Hiseq-7/BC92_TTAATCAG,NAT,1084,2045,COH,Snap,77,F,1136,2016_10_13___Hiseq_7_BC92_TTAATCAG
2016_10_13___Hiseq_7_BC93_AGGTGCGA,2016-10-13 - Hiseq-7/BC93_AGGTGCGA,Tumor,1084,2045,COH,Snap,77,F,1136,2016_10_13___Hiseq_7_BC93_AGGTGCGA
2016_10_13___Hiseq_7_RDB140_TGCTGTGA,2016-10-13 - Hiseq-7/RDB140_TGCTGTGA,NAT,1084,2049,COH,Snap,59,M,1127,2016_10_13___Hiseq_7_RDB140_TGCTGTGA
2016_10_13___Hiseq_7_RDB142_CACACATC,2016-10-13 - Hiseq-7/RDB142_CACACATC,Tumor,1084,2049,COH,Snap,59,M,1127,2016_10_13___Hiseq_7_RDB142_CACACATC
2016_10_13___Hiseq_7_RDB143_CAGGTTCA,2016-10-13 - Hiseq-7/RDB143_CAGGTTCA,NAT,1084,2049,COH,Snap,54,F,1128,2016_10_13___Hiseq_7_RDB143_CAGGTTCA
2016_10_13___Hiseq_7_RDB144_CGATGTTC,2016-10-13 - Hiseq-7/RDB144_CGATGTTC,Tumor,1084,2049,COH,Snap,54,F,1128,2016_10_13___Hiseq_7_RDB144_CGATGTTC
2016_10_13___Hiseq_7_RDB145_GTCTGCAA,2016-10-13 - Hiseq-7/RDB145_GTCTGCAA,NAT,1084,2049,COH,Snap,87,F,1141,2016_10_13___Hiseq_7_RDB145_GTCTGCAA
2016_10_13___Hiseq_7_RDB146_GTTATGGC,2016-10-13 - Hiseq-7/RDB146_GTTATGGC,Tumor,1084,2049,COH,Snap,87,F,1141,2016_10_13___Hiseq_7_RDB146_GTTATGGC
2016_10_13___Hiseq_7_RDB245_AGAAGTGG,2016-10-13 - Hiseq-7/RDB245_AGAAGTGG,Tumor,1090,2052,COH,Snap,77,M,1130,2016_10_13___Hiseq_7_RDB245_AGAAGTGG
2016_10_13___Hiseq_7_RDB246_AGCTAGTG,2016-10-13 - Hiseq-7/RDB246_AGCTAGTG,NAT,1090,2052,COH,Snap,77,M,1130,2016_10_13___Hiseq_7_RDB246_AGCTAGTG
2016_10_13___Hiseq_7_RDB247_AGGAACAC,2016-10-13 - Hiseq-7/RDB247_AGGAACAC,NAT,1090,2052,COH,Snap,65,F,1137,2016_10_13___Hiseq_7_RDB247_AGGAACAC
2016_10_13___Hiseq_7_RDB248_AGTCAGGT,2016-10-13 - Hiseq-7/RDB248_AGTCAGGT,Tumor,1090,2052,COH,Snap,65,F,1137,2016_10_13___Hiseq_7_RDB248_AGTCAGGT
2016_10_13___Hiseq_7_RDB270_AATCGCTG,2016-10-13 - Hiseq-7/RDB270_AATCGCTG,Tumor,1091,2052,Rambam,Snap,83,M,1081,2016_10_13___Hiseq_7_RDB270_AATCGCTG
2016_10_13___Hiseq_7_RDB271_ACACGAGA,2016-10-13 - Hiseq-7/RDB271_ACACGAGA,NAT,1091,2052,Rambam,Snap,59,M,1079,2016_10_13___Hiseq_7_RDB271_ACACGAGA
2016_10_13___Hiseq_7_RDB272_ACATGGAG,2016-10-13 - Hiseq-7/RDB272_ACATGGAG,NAT,1091,2052,Rambam,Snap,83,M,1081,2016_10_13___Hiseq_7_RDB272_ACATGGAG
2016_10_13___Hiseq_7_RDB273_ACCAAGCA,2016-10-13 - Hiseq-7/RDB273_ACCAAGCA,NAT,1091,2052,Rambam,Snap,76,F,1082,2016_10_13___Hiseq_7_RDB273_ACCAAGCA
2016_10_13___Hiseq_7_RDB274_ACCTCAGT,2016-10-13 - Hiseq-7/RDB274_ACCTCAGT,Tumor,1091,2052,Rambam,Snap,69,M,1094,2016_10_13___Hiseq_7_RDB274_ACCTCAGT
2016_10_13___Hiseq_7_RDB277_AGTGGCAA,2016-10-13 - Hiseq-7/RDB277_AGTGGCAA,Tumor,1091,2052,Rambam,Snap,76,F,1082,2016_10_13___Hiseq_7_RDB277_AGTGGCAA
2016_10_13___Hiseq_7_RDB278_ATGCCTAG,2016-10-13 - Hiseq-7/RDB278_ATGCCTAG,NAT,1091,2052,Rambam,Snap,38,F,1090,2016_10_13___Hiseq_7_RDB278_ATGCCTAG
2016_10_13___Hiseq_7_RDB279_CAACTTGG,2016-10-13 - Hiseq-7/RDB279_CAACTTGG,Tumor,1091,2052,Rambam,Snap,62,M,1089,2016_10_13___Hiseq_7_RDB279_CAACTTGG
2016_10_13___Hiseq_7_RDB280_CAAGGTAC,2016-10-13 - Hiseq-7/RDB280_CAAGGTAC,NAT,1091,2052,Rambam,Snap,62,M,1089,2016_10_13___Hiseq_7_RDB280_CAAGGTAC
2016_10_13___Hiseq_7_RDB281_CAAGTCGT,2016-10-13 - Hiseq-7/RDB281_CAAGTCGT,Tumor,1091,2052,Rambam,Snap,59,M,1079,2016_10_13___Hiseq_7_RDB281_CAAGTCGT
2016_10_13___Hiseq_7_RDB283_CCAACGAA,2016-10-13 - Hiseq-7/RDB283_CCAACGAA,NAT,1091,2052,Rambam,Snap,64,F,1084,2016_10_13___Hiseq_7_RDB283_CCAACGAA
2016_10_13___Hiseq_7_RDB284_CCTGTCAA,2016-10-13 - Hiseq-7/RDB284_CCTGTCAA,Tumor,1091,2052,Rambam,Snap,38,F,1090,2016_10_13___Hiseq_7_RDB284_CCTGTCAA
2016_10_13___Hiseq_7_RDB285_CGACACTT,2016-10-13 - Hiseq-7/RDB285_CGACACTT,Tumor,1091,2052,Rambam,Snap,64,F,1084,2016_10_13___Hiseq_7_RDB285_CGACACTT
2016_10_13___Hiseq_7_RDB286_CGGTTGTT,2016-10-13 - Hiseq-7/RDB286_CGGTTGTT,Tumor,1091,2052,Rambam,Snap,64,M,1083,2016_10_13___Hiseq_7_RDB286_CGGTTGTT
2016_10_13___Hiseq_7_RDB287_CTACATCC,2016-10-13 - Hiseq-7/RDB287_CTACATCC,NAT,1091,2052,Rambam,Snap,64,M,1085,2016_10_13___Hiseq_7_RDB287_CTACATCC
2016_10_13___Hiseq_7_RDB289_GGAGTCTT,2016-10-13 - Hiseq-7/RDB289_GGAGTCTT,NAT,1091,2052,Rambam,Snap,64,M,1083,2016_10_13___Hiseq_7_RDB289_GGAGTCTT
2016_10_13___Hiseq_7_RDB290_GTAGTACC,2016-10-13 - Hiseq-7/RDB290_GTAGTACC,NAT,1091,2052,Rambam,Snap,82,M,1088,2016_10_13___Hiseq_7_RDB290_GTAGTACC
2016_10_13___Hiseq_7_RDB292_AAGCATCG,2016-10-13 - Hiseq-7/RDB292_AAGCATCG,NAT,1091,2053,Rambam,Snap,69,M,1094,2016_10_13___Hiseq_7_RDB292_AAGCATCG
2016_10_13___Hiseq_7_RDB293_AAGCGTTC,2016-10-13 - Hiseq-7/RDB293_AAGCGTTC,Tumor,1091,2053,Rambam,Snap,82,M,1088,2016_10_13___Hiseq_7_RDB293_AAGCGTTC
2016_10_13___Hiseq_7_RDB294_ACAACAGC,2016-10-13 - Hiseq-7/RDB294_ACAACAGC,Tumor,1091,2053,Rambam,Snap,64,M,1085,2016_10_13___Hiseq_7_RDB294_ACAACAGC
2016_10_13___Hiseq_7_RDB296_ACCGACAA,2016-10-13 - Hiseq-7/RDB296_ACCGACAA,Tumor,1092,2053,Rambam,Snap,75,M,1093,2016_10_13___Hiseq_7_RDB296_ACCGACAA
2016_10_13___Hiseq_7_RDB300_CGAACAAC,2016-10-13 - Hiseq-7/RDB300_CGAACAAC,NAT,1092,2053,Rambam,Snap,75,M,1093,2016_10_13___Hiseq_7_RDB300_CGAACAAC
2016_10_13___Hiseq_7_RDB302_CTCGTTCT,2016-10-13 - Hiseq-7/RDB302_CTCGTTCT,NAT,1092,2053,Rambam,Snap,53,F,1092,2016_10_13___Hiseq_7_RDB302_CTCGTTCT
2016_10_13___Hiseq_7_RDB303_TCCTCATG,2016-10-13 - Hiseq-7/RDB303_TCCTCATG,Tumor,1092,2053,Rambam,Snap,53,F,1092,2016_10_13___Hiseq_7_RDB303_TCCTCATG
2016_10_13___Hiseq_7_RDB304_AACCAGAG,2016-10-13 - Hiseq-7/RDB304_AACCAGAG,NAT,1092,2053,Rambam,Snap,72,M,1095,2016_10_13___Hiseq_7_RDB304_AACCAGAG
2016_10_13___Hiseq_7_RDB306_ACGAACGA,2016-10-13 - Hiseq-7/RDB306_ACGAACGA,NAT,1092,2053,Rambam,Snap,64,F,1091,2016_10_13___Hiseq_7_RDB306_ACGAACGA
2016_10_13___Hiseq_7_RDB309_ACTCTGAG,2016-10-13 - Hiseq-7/RDB309_ACTCTGAG,Tumor,1092,2053,Rambam,Snap,64,F,1091,2016_10_13___Hiseq_7_RDB309_ACTCTGAG
2016_10_13___Hiseq_7_RDB310_ACTGCACT,2016-10-13 - Hiseq-7/RDB310_ACTGCACT,NAT,1092,2053,Rambam,Snap,73,M,1086,2016_10_13___Hiseq_7_RDB310_ACTGCACT
2016_10_13___Hiseq_7_RDB311_ACTGCGAA,2016-10-13 - Hiseq-7/RDB311_ACTGCGAA,Tumor,1092,2053,Rambam,Snap,73,M,1086,2016_10_13___Hiseq_7_RDB311_ACTGCGAA
2016_10_13___Hiseq_7_RDB313_AGAGACTC,2016-10-13 - Hiseq-7/RDB313_AGAGACTC,NAT,1092,2053,Rambam,Snap,80,F,1096,2016_10_13___Hiseq_7_RDB313_AGAGACTC
2016_10_13___Hiseq_7_RDB315_CTGATGAG,2016-10-13 - Hiseq-7/RDB315_CTGATGAG,NAT,1092,2053,Rambam,Snap,76,F,1087,2016_10_13___Hiseq_7_RDB315_CTGATGAG
2016_10_13___Hiseq_7_RDB316_GAACGTGA,2016-10-13 - Hiseq-7/RDB316_GAACGTGA,Tumor,1092,2053,Rambam,Snap,76,F,1087,2016_10_13___Hiseq_7_RDB316_GAACGTGA
2016_10_13___Hiseq_7_RDB318_ACACTACC,2016-10-13 - Hiseq-7/RDB318_ACACTACC,Tumor,1092,2053,Rambam,Snap,80,F,1096,2016_10_13___Hiseq_7_RDB318_ACACTACC
2016_10_13___Hiseq_7_RDB319_ACAGTGAC,2016-10-13 - Hiseq-7/RDB319_ACAGTGAC,Tumor,1092,2053,Rambam,Snap,72,M,1095,2016_10_13___Hiseq_7_RDB319_ACAGTGAC
2016_10_13___Hiseq_7_RDB321_AGGTGTTG,2016-10-13 - Hiseq-7/RDB321_AGGTGTTG,Tumor,1093,2053,Rambam,Snap,67,F,1109,2016_10_13___Hiseq_7_RDB321_AGGTGTTG
2016_10_13___Hiseq_7_RDB322_CTCGGTAA,2016-10-13 - Hiseq-7/RDB322_CTCGGTAA,NAT,1093,2053,Rambam,Snap,74,M,1115,2016_10_13___Hiseq_7_RDB322_CTCGGTAA
2016_10_13___Hiseq_7_RDB323_ACGATCAG,2016-10-13 - Hiseq-7/RDB323_ACGATCAG,NAT,1093,2053,Rambam,Snap,75,M,1105,2016_10_13___Hiseq_7_RDB323_ACGATCAG
2016_10_13___Hiseq_7_RDB324_AAGTGCAG,2016-10-13 - Hiseq-7/RDB324_AAGTGCAG,Tumor,1093,2053,Rambam,Snap,71,M,1106,2016_10_13___Hiseq_7_RDB324_AAGTGCAG
2016_10_13___Hiseq_7_RDB325_ACAACGTG,2016-10-13 - Hiseq-7/RDB325_ACAACGTG,NAT,1093,2053,Rambam,Snap,67,F,1109,2016_10_13___Hiseq_7_RDB325_ACAACGTG
2016_11_30___Hiseq_8_BC10_GGTCCAGA,2016-11-30 - Hiseq-8/BC10_GGTCCAGA,NAT,1093,2054,Rambam,Snap,68,F,1113,2016_11_30___Hiseq_8_BC10_GGTCCAGA
2016_11_30___Hiseq_8_BC11_GTATAACA,2016-11-30 - Hiseq-8/BC11_GTATAACA,NAT,1093,2054,Rambam,Snap,71,M,1106,2016_11_30___Hiseq_8_BC11_GTATAACA
2016_11_30___Hiseq_8_BC12_TTCGCTGA,2016-11-30 - Hiseq-8/BC12_TTCGCTGA,Tumor,1093,2054,Rambam,Snap,67,M,1114,2016_11_30___Hiseq_8_BC12_TTCGCTGA
2016_11_30___Hiseq_8_BC14_CACATCCT,2016-11-30 - Hiseq-8/BC14_CACATCCT,Tumor,1093,2054,Rambam,Snap,68,F,1113,2016_11_30___Hiseq_8_BC14_CACATCCT
2016_11_30___Hiseq_8_BC18_TCTGGCGA,2016-11-30 - Hiseq-8/BC18_TCTGGCGA,NAT,1093,2054,Rambam,Snap,73,M,1110,2016_11_30___Hiseq_8_BC18_TCTGGCGA
2016_11_30___Hiseq_8_BC21_TGTCGGAT,2016-11-30 - Hiseq-8/BC21_TGTCGGAT,Tumor,1094,2054,Rambam,Snap,75,F,1117,2016_11_30___Hiseq_8_BC21_TGTCGGAT
2016_11_30___Hiseq_8_BC22_ATTATGTT,2016-11-30 - Hiseq-8/BC22_ATTATGTT,Tumor,1094,2054,Rambam,Snap,70,M,1121,2016_11_30___Hiseq_8_BC22_ATTATGTT
2016_11_30___Hiseq_8_BC23_CCTACCAT,2016-11-30 - Hiseq-8/BC23_CCTACCAT,NAT,1094,2062,Rambam,Snap,65,F,1116,2016_11_30___Hiseq_8_BC23_CCTACCAT
2016_11_30___Hiseq_8_BC24_TACTTAGC,2016-11-30 - Hiseq-8/BC24_TACTTAGC,NAT,1094,2054,Rambam,Snap,75,F,1117,2016_11_30___Hiseq_8_BC24_TACTTAGC
2016_11_30___Hiseq_8_BC25_GAAGAAGT,2016-11-30 - Hiseq-8/BC25_GAAGAAGT,Tumor,1094,2054,Rambam,Snap,65,F,1116,2016_11_30___Hiseq_8_BC25_GAAGAAGT
2016_11_30___Hiseq_8_BC27_GACAGTAA,2016-11-30 - Hiseq-8/BC27_GACAGTAA,Tumor,1094,2054,Rambam,Snap,69,M,1111,2016_11_30___Hiseq_8_BC27_GACAGTAA
2016_11_30___Hiseq_8_BC28_CCTATGCC,2016-11-30 - Hiseq-8/BC28_CCTATGCC,NAT,1094,2054,Rambam,Snap,70,M,1121,2016_11_30___Hiseq_8_BC28_CCTATGCC
2016_11_30___Hiseq_8_BC29_TCGCCTTG,2016-11-30 - Hiseq-8/BC29_TCGCCTTG,Tumor,1094,2054,Rambam,Snap,53,M,1122,2016_11_30___Hiseq_8_BC29_TCGCCTTG
2016_11_30___Hiseq_8_BC2_CATGCTTA,2016-11-30 - Hiseq-8/BC2_CATGCTTA,Tumor,1093,2054,Rambam,Snap,75,M,1105,2016_11_30___Hiseq_8_BC2_CATGCTTA
2016_11_30___Hiseq_8_BC30_ATAGCGTC,2016-11-30 - Hiseq-8/BC30_ATAGCGTC,NAT,1094,2054,Rambam,Snap,53,F,1080,2016_11_30___Hiseq_8_BC30_ATAGCGTC
2016_11_30___Hiseq_8_BC31_GTCGCCTT,2016-11-30 - Hiseq-8/BC31_GTCGCCTT,NAT,1094,2054,Rambam,Snap,59,M,1120,2016_11_30___Hiseq_8_BC31_GTCGCCTT
2016_11_30___Hiseq_8_BC34_GTCTGATG,2016-11-30 - Hiseq-8/BC34_GTCTGATG,Tumor,1094,2054,Rambam,Snap,73,M,1110,2016_11_30___Hiseq_8_BC34_GTCTGATG
2016_11_30___Hiseq_8_BC35_TTACGCAC,2016-11-30 - Hiseq-8/BC35_TTACGCAC,NAT,1094,2054,Rambam,Snap,60,F,1119,2016_11_30___Hiseq_8_BC35_TTACGCAC
2016_11_30___Hiseq_8_BC36_TTGAATAG,2016-11-30 - Hiseq-8/BC36_TTGAATAG,Tumor,1094,2054,Rambam,Snap,80,F,1118,2016_11_30___Hiseq_8_BC36_TTGAATAG
2016_11_30___Hiseq_8_BC37_AAGACACT,2016-11-30 - Hiseq-8/BC37_AAGACACT,Tumor,1094,2054,Rambam,Snap,59,M,1120,2016_11_30___Hiseq_8_BC37_AAGACACT
2016_11_30___Hiseq_8_BC38_CAGCAAGG,2016-11-30 - Hiseq-8/BC38_CAGCAAGG,Tumor,1094,2054,Rambam,Snap,60,F,1119,2016_11_30___Hiseq_8_BC38_CAGCAAGG
2016_11_30___Hiseq_8_BC3_GCACATCT,2016-11-30 - Hiseq-8/BC3_GCACATCT,NAT,1093,2054,Rambam,Snap,73,F,1112,2016_11_30___Hiseq_8_BC3_GCACATCT
2016_11_30___Hiseq_8_BC40_CCAGAGCT,2016-11-30 - Hiseq-8/BC40_CCAGAGCT,Tumor,1094,2054,Rambam,Snap,73,F,1112,2016_11_30___Hiseq_8_BC40_CCAGAGCT
2016_11_30___Hiseq_8_BC41_TCCTTGGT,2016-11-30 - Hiseq-8/BC41_TCCTTGGT,NAT,1094,2054,Rambam,Snap,53,M,1122,2016_11_30___Hiseq_8_BC41_TCCTTGGT
2016_11_30___Hiseq_8_BC42_AGGTTATC,2016-11-30 - Hiseq-8/BC42_AGGTTATC,Tumor,1094,2054,Rambam,Snap,74,M,1115,2016_11_30___Hiseq_8_BC42_AGGTTATC
2016_11_30___Hiseq_8_BC43_GTCATCTA,2016-11-30 - Hiseq-8/BC43_GTCATCTA,NAT,1094,2054,Rambam,Snap,69,M,1111,2016_11_30___Hiseq_8_BC43_GTCATCTA
2016_11_30___Hiseq_8_BC44_CCTTCGCA,2016-11-30 - Hiseq-8/BC44_CCTTCGCA,NAT,1094,2054,Rambam,Snap,80,F,1118,2016_11_30___Hiseq_8_BC44_CCTTCGCA
2016_11_30___Hiseq_8_BC46_ATTGTCTG,2016-11-30 - Hiseq-8/BC46_ATTGTCTG,Tumor,1095,2054,Rambam,Snap,48,M,1070,2016_11_30___Hiseq_8_BC46_ATTGTCTG
2016_11_30___Hiseq_8_BC48_TAATGAAC,2016-11-30 - Hiseq-8/BC48_TAATGAAC,Tumor,1095,2055,Rambam,Snap,68,M,1100,2016_11_30___Hiseq_8_BC48_TAATGAAC
2016_11_30___Hiseq_8_BC49_AACGCATT,2016-11-30 - Hiseq-8/BC49_AACGCATT,NAT,1095,2055,Rambam,Snap,59,M,1071,2016_11_30___Hiseq_8_BC49_AACGCATT
2016_11_30___Hiseq_8_BC4_TGCTCGAC,2016-11-30 - Hiseq-8/BC4_TGCTCGAC,NAT,1093,2054,Rambam,Snap,72,F,1107,2016_11_30___Hiseq_8_BC4_TGCTCGAC
2016_11_30___Hiseq_8_BC50_CAACTCTC,2016-11-30 - Hiseq-8/BC50_CAACTCTC,Tumor,1095,2055,Rambam,Snap,68,M,1068,2016_11_30___Hiseq_8_BC50_CAACTCTC
2016_11_30___Hiseq_8_BC51_CTGTAATC,2016-11-30 - Hiseq-8/BC51_CTGTAATC,NAT,1095,2055,Rambam,Snap,68,M,1068,2016_11_30___Hiseq_8_BC51_CTGTAATC
2016_11_30___Hiseq_8_BC53_AATGTTCT,2016-11-30 - Hiseq-8/BC53_AATGTTCT,NAT,1095,2055,Rambam,Snap,48,M,1070,2016_11_30___Hiseq_8_BC53_AATGTTCT
2016_11_30___Hiseq_8_BC54_CAGCGGTA,2016-11-30 - Hiseq-8/BC54_CAGCGGTA,Tumor,1095,2055,Rambam,Snap,59,M,1071,2016_11_30___Hiseq_8_BC54_CAGCGGTA
2016_11_30___Hiseq_8_BC55_GACCAGGA,2016-11-30 - Hiseq-8/BC55_GACCAGGA,NAT,1095,2055,Rambam,Snap,53,F,1099,2016_11_30___Hiseq_8_BC55_GACCAGGA
2016_11_30___Hiseq_8_BC56_TATCCAGG,2016-11-30 - Hiseq-8/BC56_TATCCAGG,NAT,1095,2055,Rambam,Snap,68,M,1100,2016_11_30___Hiseq_8_BC56_TATCCAGG
2016_11_30___Hiseq_8_BC59_GCCGTCGA,2016-11-30 - Hiseq-8/BC59_GCCGTCGA,Tumor,1095,2055,Rambam,Snap,83,M,1098,2016_11_30___Hiseq_8_BC59_GCCGTCGA
2016_11_30___Hiseq_8_BC60_TATCTGCC,2016-11-30 - Hiseq-8/BC60_TATCTGCC,NAT,1095,2055,Rambam,Snap,62,F,1123,2016_11_30___Hiseq_8_BC60_TATCTGCC
2016_11_30___Hiseq_8_BC61_ACTAAGAC,2016-11-30 - Hiseq-8/BC61_ACTAAGAC,Tumor,1095,2055,Rambam,Snap,57,F,1069,2016_11_30___Hiseq_8_BC61_ACTAAGAC
2016_11_30___Hiseq_8_BC62_CGCCTTCC,2016-11-30 - Hiseq-8/BC62_CGCCTTCC,Tumor,1095,2055,Rambam,Snap,62,F,1123,2016_11_30___Hiseq_8_BC62_CGCCTTCC
2016_11_30___Hiseq_8_BC64_TGCTGCTG,2016-11-30 - Hiseq-8/BC64_TGCTGCTG,Tumor,1095,2055,Rambam,Snap,61,F,1101,2016_11_30___Hiseq_8_BC64_TGCTGCTG
2016_11_30___Hiseq_8_BC67_GTAACATC,2016-11-30 - Hiseq-8/BC67_GTAACATC,Tumor,1095,2055,Rambam,Snap,53,F,1099,2016_11_30___Hiseq_8_BC67_GTAACATC
2016_11_30___Hiseq_8_BC68_TGTAATCA,2016-11-30 - Hiseq-8/BC68_TGTAATCA,NAT,1095,2055,Rambam,Snap,57,F,1069,2016_11_30___Hiseq_8_BC68_TGTAATCA
2016_11_30___Hiseq_8_BC69_ATTATCAA,2016-11-30 - Hiseq-8/BC69_ATTATCAA,NAT,1095,2055,Rambam,Snap,61,F,1101,2016_11_30___Hiseq_8_BC69_ATTATCAA
2016_11_30___Hiseq_8_BC6_AGTTGCTT,2016-11-30 - Hiseq-8/BC6_AGTTGCTT,Tumor,1093,2054,Rambam,Snap,72,F,1107,2016_11_30___Hiseq_8_BC6_AGTTGCTT
2016_11_30___Hiseq_8_BC70_CTATGCGT,2016-11-30 - Hiseq-8/BC70_CTATGCGT,Tumor,1095,2055,Rambam,Snap,53,F,1080,2016_11_30___Hiseq_8_BC70_CTATGCGT
2016_11_30___Hiseq_8_BC72_TTGTCTAT,2016-11-30 - Hiseq-8/BC72_TTGTCTAT,Tumor,1096,2055,Rambam,Snap,71,M,1076,2016_11_30___Hiseq_8_BC72_TTGTCTAT
2016_11_30___Hiseq_8_BC73_AACAATGG,2016-11-30 - Hiseq-8/BC73_AACAATGG,NAT,1096,2055,Rambam,Snap,68,F,1077,2016_11_30___Hiseq_8_BC73_AACAATGG
2016_11_30___Hiseq_8_BC74_ATTCCTCT,2016-11-30 - Hiseq-8/BC74_ATTCCTCT,Tumor,1096,2055,Rambam,Snap,70,M,1075,2016_11_30___Hiseq_8_BC74_ATTCCTCT
2016_11_30___Hiseq_8_BC75_GAAGGAAG,2016-11-30 - Hiseq-8/BC75_GAAGGAAG,NAT,1096,2055,Rambam,Snap,70,M,1075,2016_11_30___Hiseq_8_BC75_GAAGGAAG
2016_11_30___Hiseq_8_BC76_TCGCTAGA,2016-11-30 - Hiseq-8/BC76_TCGCTAGA,Tumor,1096,2055,Rambam,Snap,68,F,1077,2016_11_30___Hiseq_8_BC76_TCGCTAGA
2016_11_30___Hiseq_8_BC78_CAATAGTC,2016-11-30 - Hiseq-8/BC78_CAATAGTC,NAT,1096,2055,Rambam,Snap,77,M,1078,2016_11_30___Hiseq_8_BC78_CAATAGTC
2016_11_30___Hiseq_8_BC80_TCTGCAAG,2016-11-30 - Hiseq-8/BC80_TCTGCAAG,NAT,1096,2055,Rambam,Snap,68,M,1103,2016_11_30___Hiseq_8_BC80_TCTGCAAG
2016_11_30___Hiseq_8_BC81_ACTGTATC,2016-11-30 - Hiseq-8/BC81_ACTGTATC,NAT,1096,2055,Rambam,Snap,83,M,1098,2016_11_30___Hiseq_8_BC81_ACTGTATC
2016_11_30___Hiseq_8_BC82_CCAGCACC,2016-11-30 - Hiseq-8/BC82_CCAGCACC,NAT,1096,2055,Rambam,Snap,59,M,1104,2016_11_30___Hiseq_8_BC82_CCAGCACC
2016_11_30___Hiseq_8_BC83_GACCTAAC,2016-11-30 - Hiseq-8/BC83_GACCTAAC,Tumor,1096,2055,Rambam,Snap,71,M,1102,2016_11_30___Hiseq_8_BC83_GACCTAAC
2016_11_30___Hiseq_8_BC85_AGCATGGA,2016-11-30 - Hiseq-8/BC85_AGCATGGA,NAT,1096,2055,Rambam,Snap,71,M,1102,2016_11_30___Hiseq_8_BC85_AGCATGGA
2016_11_30___Hiseq_8_BC86_CGCTATGT,2016-11-30 - Hiseq-8/BC86_CGCTATGT,Tumor,1096,2055,Rambam,Snap,68,M,1103,2016_11_30___Hiseq_8_BC86_CGCTATGT
2016_11_30___Hiseq_8_BC87_GATATCCA,2016-11-30 - Hiseq-8/BC87_GATATCCA,NAT,1096,2055,Rambam,Snap,76,M,1097,2016_11_30___Hiseq_8_BC87_GATATCCA
2016_11_30___Hiseq_8_BC88_TGTAACTC,2016-11-30 - Hiseq-8/BC88_TGTAACTC,NAT,1096,2055,Rambam,Snap,71,M,1076,2016_11_30___Hiseq_8_BC88_TGTAACTC
2016_11_30___Hiseq_8_BC89_AGGTCGCA,2016-11-30 - Hiseq-8/BC89_AGGTCGCA,Tumor,1096,2055,Rambam,Snap,59,M,1104,2016_11_30___Hiseq_8_BC89_AGGTCGCA
2016_11_30___Hiseq_8_BC91_GCAGCCGT,2016-11-30 - Hiseq-8/BC91_GCAGCCGT,Tumor,1096,2055,Rambam,Snap,76,M,1097,2016_11_30___Hiseq_8_BC91_GCAGCCGT
2016_11_30___Hiseq_8_BC92_TTAATCAG,2016-11-30 - Hiseq-8/BC92_TTAATCAG,NAT,1096,2055,Rambam,Snap,83,F,1073,2016_11_30___Hiseq_8_BC92_TTAATCAG
2016_11_30___Hiseq_8_BC93_AGGTGCGA,2016-11-30 - Hiseq-8/BC93_AGGTGCGA,NAT,1096,2055,Rambam,Snap,53,M,1074,2016_11_30___Hiseq_8_BC93_AGGTGCGA
2016_11_30___Hiseq_8_BC95_GCCGCAAC,2016-11-30 - Hiseq-8/BC95_GCCGCAAC,Tumor,1096,2056,Rambam,Snap,53,M,1074,2016_11_30___Hiseq_8_BC95_GCCGCAAC
2016_11_30___Hiseq_8_BC96_TTATATCT,2016-11-30 - Hiseq-8/BC96_TTATATCT,Tumor,1096,2056,Rambam,Snap,83,F,1073,2016_11_30___Hiseq_8_BC96_TTATATCT
2016_11_30___Hiseq_8_BC9_ACCAACTG,2016-11-30 - Hiseq-8/BC9_ACCAACTG,NAT,1093,2054,Rambam,Snap,67,M,1114,2016_11_30___Hiseq_8_BC9_ACCAACTG
2016_11_30___Hiseq_8_RDB100_TAAGTGGC,2016-11-30 - Hiseq-8/RDB100_TAAGTGGC,NAT,1098,2058,COH,FFPE,53,F,1153,2016_11_30___Hiseq_8_RDB100_TAAGTGGC
2016_11_30___Hiseq_8_RDB101_TCAGTAGG,2016-11-30 - Hiseq-8/RDB101_TCAGTAGG,NAT,1098,2058,COH,FFPE,84,M,1154,2016_11_30___Hiseq_8_RDB101_TCAGTAGG
2016_11_30___Hiseq_8_RDB102_TGCCTCAA,2016-11-30 - Hiseq-8/RDB102_TGCCTCAA,NAT,1098,2058,COH,FFPE,77,F,1155,2016_11_30___Hiseq_8_RDB102_TGCCTCAA
2016_11_30___Hiseq_8_RDB103_AACTCGGA,2016-11-30 - Hiseq-8/RDB103_AACTCGGA,NAT,1098,2058,COH,FFPE,77,M,1156,2016_11_30___Hiseq_8_RDB103_AACTCGGA
2016_11_30___Hiseq_8_RDB105_CCGTTATG,2016-11-30 - Hiseq-8/RDB105_CCGTTATG,Tumor,1098,2058,COH,FFPE,76,F,1147,2016_11_30___Hiseq_8_RDB105_CCGTTATG
2016_11_30___Hiseq_8_RDB106_CCTCGAAT,2016-11-30 - Hiseq-8/RDB106_CCTCGAAT,Tumor,1098,2058,COH,FFPE,60,F,1148,2016_11_30___Hiseq_8_RDB106_CCTCGAAT
2016_11_30___Hiseq_8_RDB107_CCTCGTTA,2016-11-30 - Hiseq-8/RDB107_CCTCGTTA,Tumor,1098,2058,COH,FFPE,92,M,1149,2016_11_30___Hiseq_8_RDB107_CCTCGTTA
2016_11_30___Hiseq_8_RDB109_GGTGATGA,2016-11-30 - Hiseq-8/RDB109_GGTGATGA,Tumor,1098,2058,COH,FFPE,75,F,1150,2016_11_30___Hiseq_8_RDB109_GGTGATGA
2016_11_30___Hiseq_8_RDB110_GTAAGGTG,2016-11-30 - Hiseq-8/RDB110_GTAAGGTG,Tumor,1098,2058,COH,FFPE,70,M,1151,2016_11_30___Hiseq_8_RDB110_GTAAGGTG
2016_11_30___Hiseq_8_RDB112_CGAGAGAA,2016-11-30 - Hiseq-8/RDB112_CGAGAGAA,Tumor,1098,2058,COH,FFPE,53,F,1152,2016_11_30___Hiseq_8_RDB112_CGAGAGAA
2016_11_30___Hiseq_8_RDB113_CGCGTATT,2016-11-30 - Hiseq-8/RDB113_CGCGTATT,Tumor,1098,2058,COH,FFPE,53,F,1153,2016_11_30___Hiseq_8_RDB113_CGCGTATT
2016_11_30___Hiseq_8_RDB114_CGTGTGAT,2016-11-30 - Hiseq-8/RDB114_CGTGTGAT,Tumor,1098,2058,COH,FFPE,84,M,1154,2016_11_30___Hiseq_8_RDB114_CGTGTGAT
2016_11_30___Hiseq_8_RDB115_CTAGGTTG,2016-11-30 - Hiseq-8/RDB115_CTAGGTTG,Tumor,1098,2058,COH,FFPE,77,F,1155,2016_11_30___Hiseq_8_RDB115_CTAGGTTG
2016_11_30___Hiseq_8_RDB116_CTCTATCG,2016-11-30 - Hiseq-8/RDB116_CTCTATCG,Tumor,1098,2058,COH,FFPE,77,M,1156,2016_11_30___Hiseq_8_RDB116_CTCTATCG
2016_11_30___Hiseq_8_RDB118_TCATCTCC,2016-11-30 - Hiseq-8/RDB118_TCATCTCC,NAT,1101,2058,COH,FFPE,87,F,1158,2016_11_30___Hiseq_8_RDB118_TCATCTCC
2016_11_30___Hiseq_8_RDB119_TGACAACC,2016-11-30 - Hiseq-8/RDB119_TGACAACC,NAT,1101,2058,COH,FFPE,86,F,1159,2016_11_30___Hiseq_8_RDB119_TGACAACC
2016_11_30___Hiseq_8_RDB120_TGCACTTG,2016-11-30 - Hiseq-8/RDB120_TGCACTTG,NAT,1101,2058,COH,FFPE,69,F,1160,2016_11_30___Hiseq_8_RDB120_TGCACTTG
2016_11_30___Hiseq_8_RDB121_TGGTGAAG,2016-11-30 - Hiseq-8/RDB121_TGGTGAAG,NAT,1101,2058,COH,FFPE,62,F,1161,2016_11_30___Hiseq_8_RDB121_TGGTGAAG
2016_11_30___Hiseq_8_RDB122_AGAGCAGA,2016-11-30 - Hiseq-8/RDB122_AGAGCAGA,NAT,1101,2058,COH,FFPE,82,M,1162,2016_11_30___Hiseq_8_RDB122_AGAGCAGA
2016_11_30___Hiseq_8_RDB125_CGAAGTCA,2016-11-30 - Hiseq-8/RDB125_CGAAGTCA,NAT,1101,2058,COH,FFPE,81,F,1163,2016_11_30___Hiseq_8_RDB125_CGAAGTCA
2016_11_30___Hiseq_8_RDB126_CTTGCTAG,2016-11-30 - Hiseq-8/RDB126_CTTGCTAG,NAT,1101,2058,COH,FFPE,84,M,1164,2016_11_30___Hiseq_8_RDB126_CTTGCTAG
2016_11_30___Hiseq_8_RDB127_GAAGTGCT,2016-11-30 - Hiseq-8/RDB127_GAAGTGCT,NAT,1101,2058,COH,FFPE,76,M,1165,2016_11_30___Hiseq_8_RDB127_GAAGTGCT
2016_11_30___Hiseq_8_RDB128_GGACTACT,2016-11-30 - Hiseq-8/RDB128_GGACTACT,NAT,1101,2058,COH,FFPE,78,M,1166,2016_11_30___Hiseq_8_RDB128_GGACTACT
2016_11_30___Hiseq_8_RDB129_TCCATTGC,2016-11-30 - Hiseq-8/RDB129_TCCATTGC,NAT,1101,2058,COH,FFPE,76,F,1167,2016_11_30___Hiseq_8_RDB129_TCCATTGC
2016_11_30___Hiseq_8_RDB131_AGCGAGAT,2016-11-30 - Hiseq-8/RDB131_AGCGAGAT,Tumor,1101,2058,COH,FFPE,87,F,1158,2016_11_30___Hiseq_8_RDB131_AGCGAGAT
2016_11_30___Hiseq_8_RDB132_ATAGGTCC,2016-11-30 - Hiseq-8/RDB132_ATAGGTCC,Tumor,1101,2058,COH,FFPE,86,F,1159,2016_11_30___Hiseq_8_RDB132_ATAGGTCC
2016_11_30___Hiseq_8_RDB133_ATGGCGAT,2016-11-30 - Hiseq-8/RDB133_ATGGCGAT,Tumor,1101,2058,COH,FFPE,69,F,1160,2016_11_30___Hiseq_8_RDB133_ATGGCGAT
2016_11_30___Hiseq_8_RDB134_CTCCTGAA,2016-11-30 - Hiseq-8/RDB134_CTCCTGAA,Tumor,1101,2058,COH,FFPE,62,F,1161,2016_11_30___Hiseq_8_RDB134_CTCCTGAA
2016_11_30___Hiseq_8_RDB135_TGATAGGC,2016-11-30 - Hiseq-8/RDB135_TGATAGGC,Tumor,1101,2058,COH,FFPE,82,M,1162,2016_11_30___Hiseq_8_RDB135_TGATAGGC
2016_11_30___Hiseq_8_RDB137_CATGGATC,2016-11-30 - Hiseq-8/RDB137_CATGGATC,Tumor,1101,2058,COH,FFPE,81,F,1163,2016_11_30___Hiseq_8_RDB137_CATGGATC
2016_11_30___Hiseq_8_RDB139_TGAGCTGT,2016-11-30 - Hiseq-8/RDB139_TGAGCTGT,Tumor,1101,2058,COH,FFPE,84,M,1164,2016_11_30___Hiseq_8_RDB139_TGAGCTGT
2016_11_30___Hiseq_8_RDB142_CACACATC,2016-11-30 - Hiseq-8/RDB142_CACACATC,Tumor,1101,2059,COH,FFPE,76,M,1165,2016_11_30___Hiseq_8_RDB142_CACACATC
2016_11_30___Hiseq_8_RDB143_CAGGTTCA,2016-11-30 - Hiseq-8/RDB143_CAGGTTCA,Tumor,1101,2059,COH,FFPE,78,M,1166,2016_11_30___Hiseq_8_RDB143_CAGGTTCA
2016_11_30___Hiseq_8_RDB144_CGATGTTC,2016-11-30 - Hiseq-8/RDB144_CGATGTTC,Tumor,1101,2059,COH,FFPE,76,F,1167,2016_11_30___Hiseq_8_RDB144_CGATGTTC
2016_11_30___Hiseq_8_RDB146_GTTATGGC,2016-11-30 - Hiseq-8/RDB146_GTTATGGC,NAT,1102,2059,COH,FFPE,78,F,1168,2016_11_30___Hiseq_8_RDB146_GTTATGGC
2016_11_30___Hiseq_8_RDB147_TCCTGACT,2016-11-30 - Hiseq-8/RDB147_TCCTGACT,NAT,1102,2059,COH,FFPE,83,M,1169,2016_11_30___Hiseq_8_RDB147_TCCTGACT
2016_11_30___Hiseq_8_RDB148_TCTAGTCC,2016-11-30 - Hiseq-8/RDB148_TCTAGTCC,NAT,1102,2059,COH,FFPE,71,F,1170,2016_11_30___Hiseq_8_RDB148_TCTAGTCC
2016_11_30___Hiseq_8_RDB149_TGAGACGA,2016-11-30 - Hiseq-8/RDB149_TGAGACGA,NAT,1102,2059,COH,FFPE,78,F,1171,2016_11_30___Hiseq_8_RDB149_TGAGACGA
2016_11_30___Hiseq_8_RDB150_AAGCTGGT,2016-11-30 - Hiseq-8/RDB150_AAGCTGGT,NAT,1102,2059,COH,FFPE,52,F,1172,2016_11_30___Hiseq_8_RDB150_AAGCTGGT
2016_11_30___Hiseq_8_RDB152_ACCTCTTC,2016-11-30 - Hiseq-8/RDB152_ACCTCTTC,NAT,1102,2059,COH,FFPE,59,M,1173,2016_11_30___Hiseq_8_RDB152_ACCTCTTC
2016_11_30___Hiseq_8_RDB153_ACGGTACA,2016-11-30 - Hiseq-8/RDB153_ACGGTACA,NAT,1102,2059,COH,FFPE,71,F,1174,2016_11_30___Hiseq_8_RDB153_ACGGTACA
2016_11_30___Hiseq_8_RDB154_ATCTCCTG,2016-11-30 - Hiseq-8/RDB154_ATCTCCTG,NAT,1102,2059,COH,FFPE,70,F,1175,2016_11_30___Hiseq_8_RDB154_ATCTCCTG
2016_11_30___Hiseq_8_RDB155_ATGTGGAC,2016-11-30 - Hiseq-8/RDB155_ATGTGGAC,NAT,1102,2059,COH,FFPE,30,F,1176,2016_11_30___Hiseq_8_RDB155_ATGTGGAC
2016_11_30___Hiseq_8_RDB156_CGTCCATT,2016-11-30 - Hiseq-8/RDB156_CGTCCATT,NAT,1102,2059,COH,FFPE,54,F,1177,2016_11_30___Hiseq_8_RDB156_CGTCCATT
2016_11_30___Hiseq_8_RDB159_GACTTGTG,2016-11-30 - Hiseq-8/RDB159_GACTTGTG,Tumor,1102,2059,COH,FFPE,78,F,1168,2016_11_30___Hiseq_8_RDB159_GACTTGTG
2016_11_30___Hiseq_8_RDB160_GAGCTCTA,2016-11-30 - Hiseq-8/RDB160_GAGCTCTA,Tumor,1102,2059,COH,FFPE,83,M,1169,2016_11_30___Hiseq_8_RDB160_GAGCTCTA
2016_11_30___Hiseq_8_RDB161_GATTGTCC,2016-11-30 - Hiseq-8/RDB161_GATTGTCC,Tumor,1102,2059,COH,FFPE,71,F,1170,2016_11_30___Hiseq_8_RDB161_GATTGTCC
2016_11_30___Hiseq_8_RDB162_GCTACTCT,2016-11-30 - Hiseq-8/RDB162_GCTACTCT,Tumor,1102,2059,COH,FFPE,78,F,1171,2016_11_30___Hiseq_8_RDB162_GCTACTCT
2016_11_30___Hiseq_8_RDB163_GGATGTAG,2016-11-30 - Hiseq-8/RDB163_GGATGTAG,Tumor,1102,2059,COH,FFPE,52,F,1172,2016_11_30___Hiseq_8_RDB163_GGATGTAG
2016_11_30___Hiseq_8_RDB165_TATGGCAC,2016-11-30 - Hiseq-8/RDB165_TATGGCAC,Tumor,1102,2059,COH,FFPE,59,M,1173,2016_11_30___Hiseq_8_RDB165_TATGGCAC
2016_11_30___Hiseq_8_RDB166_TCGTCTGA,2016-11-30 - Hiseq-8/RDB166_TCGTCTGA,Tumor,1102,2059,COH,FFPE,71,F,1174,2016_11_30___Hiseq_8_RDB166_TCGTCTGA
2016_11_30___Hiseq_8_RDB167_TGGCTCTT,2016-11-30 - Hiseq-8/RDB167_TGGCTCTT,Tumor,1102,2059,COH,FFPE,70,F,1175,2016_11_30___Hiseq_8_RDB167_TGGCTCTT
2016_11_30___Hiseq_8_RDB168_TTCCAGGT,2016-11-30 - Hiseq-8/RDB168_TTCCAGGT,Tumor,1102,2059,COH,FFPE,30,F,1176,2016_11_30___Hiseq_8_RDB168_TTCCAGGT
2016_11_30___Hiseq_8_RDB169_TTCGGCTA,2016-11-30 - Hiseq-8/RDB169_TTCGGCTA,Tumor,1102,2059,COH,FFPE,54,F,1177,2016_11_30___Hiseq_8_RDB169_TTCGGCTA
2016_11_30___Hiseq_8_RDB171_ACGCTTCT,2016-11-30 - Hiseq-8/RDB171_ACGCTTCT,NAT,1103,2059,COH,FFPE,71,M,1178,2016_11_30___Hiseq_8_RDB171_ACGCTTCT
2016_11_30___Hiseq_8_RDB172_CGAATACG,2016-11-30 - Hiseq-8/RDB172_CGAATACG,NAT,1103,2059,COH,FFPE,79,M,1179,2016_11_30___Hiseq_8_RDB172_CGAATACG
2016_11_30___Hiseq_8_RDB174_GGTTGAAC,2016-11-30 - Hiseq-8/RDB174_GGTTGAAC,NAT,1103,2059,COH,FFPE,74,F,1180,2016_11_30___Hiseq_8_RDB174_GGTTGAAC
2016_11_30___Hiseq_8_RDB175_CGCTGATA,2016-11-30 - Hiseq-8/RDB175_CGCTGATA,NAT,1103,2059,COH,FFPE,65,F,1181,2016_11_30___Hiseq_8_RDB175_CGCTGATA
2016_11_30___Hiseq_8_RDB176_GCCAATAC,2016-11-30 - Hiseq-8/RDB176_GCCAATAC,NAT,1103,2059,COH,FFPE,69,M,1182,2016_11_30___Hiseq_8_RDB176_GCCAATAC
2016_11_30___Hiseq_8_RDB178_GGTATAGG,2016-11-30 - Hiseq-8/RDB178_GGTATAGG,NAT,1103,2059,COH,FFPE,68,F,1183,2016_11_30___Hiseq_8_RDB178_GGTATAGG
2016_11_30___Hiseq_8_RDB179_TCGTGCAT,2016-11-30 - Hiseq-8/RDB179_TCGTGCAT,NAT,1103,2059,COH,FFPE,80,M,1184,2016_11_30___Hiseq_8_RDB179_TCGTGCAT
2016_11_30___Hiseq_8_RDB180_TGGACCAT,2016-11-30 - Hiseq-8/RDB180_TGGACCAT,NAT,1103,2059,COH,FFPE,71,F,1185,2016_11_30___Hiseq_8_RDB180_TGGACCAT
2016_11_30___Hiseq_8_RDB181_AGGCTGAA,2016-11-30 - Hiseq-8/RDB181_AGGCTGAA,NAT,1103,2059,COH,FFPE,81,M,1186,2016_11_30___Hiseq_8_RDB181_AGGCTGAA
2016_11_30___Hiseq_8_RDB182_CCGCTTAA,2016-11-30 - Hiseq-8/RDB182_CCGCTTAA,NAT,1103,2059,COH,FFPE,61,M,1187,2016_11_30___Hiseq_8_RDB182_CCGCTTAA
2016_11_30___Hiseq_8_RDB184_ACCGGTTA,2016-11-30 - Hiseq-8/RDB184_ACCGGTTA,Tumor,1103,2059,COH,FFPE,71,M,1178,2016_11_30___Hiseq_8_RDB184_ACCGGTTA
2016_11_30___Hiseq_8_RDB185_ACTGCTTG,2016-11-30 - Hiseq-8/RDB185_ACTGCTTG,Tumor,1103,2059,COH,FFPE,79,M,1179,2016_11_30___Hiseq_8_RDB185_ACTGCTTG
2016_11_30___Hiseq_8_RDB186_ATCGTGGT,2016-11-30 - Hiseq-8/RDB186_ATCGTGGT,Tumor,1103,2059,COH,FFPE,74,F,1180,2016_11_30___Hiseq_8_RDB186_ATCGTGGT
2016_11_30___Hiseq_8_RDB187_CAGTGCTT,2016-11-30 - Hiseq-8/RDB187_CAGTGCTT,Tumor,1103,2059,COH,FFPE,65,F,1181,2016_11_30___Hiseq_8_RDB187_CAGTGCTT
2016_11_30___Hiseq_8_RDB189_GTTGCTGT,2016-11-30 - Hiseq-8/RDB189_GTTGCTGT,Tumor,1103,2060,COH,FFPE,69,M,1182,2016_11_30___Hiseq_8_RDB189_GTTGCTGT
2016_11_30___Hiseq_8_RDB191_TGCGTAAC,2016-11-30 - Hiseq-8/RDB191_TGCGTAAC,Tumor,1103,2060,COH,FFPE,68,F,1183,2016_11_30___Hiseq_8_RDB191_TGCGTAAC
2016_11_30___Hiseq_8_RDB192_GCCAGAAT,2016-11-30 - Hiseq-8/RDB192_GCCAGAAT,Tumor,1103,2060,COH,FFPE,80,M,1184,2016_11_30___Hiseq_8_RDB192_GCCAGAAT
2016_11_30___Hiseq_8_RDB193_CTCGAACA,2016-11-30 - Hiseq-8/RDB193_CTCGAACA,Tumor,1103,2060,COH,FFPE,71,F,1185,2016_11_30___Hiseq_8_RDB193_CTCGAACA
2016_11_30___Hiseq_8_RDB194_CTTAGGAC,2016-11-30 - Hiseq-8/RDB194_CTTAGGAC,Tumor,1103,2060,COH,FFPE,81,M,1186,2016_11_30___Hiseq_8_RDB194_CTTAGGAC
2016_11_30___Hiseq_8_RDB195_CTTCACTG,2016-11-30 - Hiseq-8/RDB195_CTTCACTG,Tumor,1103,2060,COH,FFPE,61,M,1187,2016_11_30___Hiseq_8_RDB195_CTTCACTG
2016_11_30___Hiseq_8_RDB197_GAATCACC,2016-11-30 - Hiseq-8/RDB197_GAATCACC,NAT,1104,2060,COH,FFPE,68,F,1188,2016_11_30___Hiseq_8_RDB197_GAATCACC
2016_11_30___Hiseq_8_RDB198_GATCCACT,2016-11-30 - Hiseq-8/RDB198_GATCCACT,NAT,1104,2060,COH,FFPE,88,M,1189,2016_11_30___Hiseq_8_RDB198_GATCCACT
2016_11_30___Hiseq_8_RDB199_GTCCTTGA,2016-11-30 - Hiseq-8/RDB199_GTCCTTGA,NAT,1104,2060,COH,FFPE,70,M,1190,2016_11_30___Hiseq_8_RDB199_GTCCTTGA
2016_11_30___Hiseq_8_RDB200_GTCGATTG,2016-11-30 - Hiseq-8/RDB200_GTCGATTG,NAT,1104,2060,COH,FFPE,80,F,1191,2016_11_30___Hiseq_8_RDB200_GTCGATTG
2016_11_30___Hiseq_8_RDB201_TACTCCAG,2016-11-30 - Hiseq-8/RDB201_TACTCCAG,NAT,1104,2060,COH,FFPE,77,F,1192,2016_11_30___Hiseq_8_RDB201_TACTCCAG
2016_11_30___Hiseq_8_RDB203_TGTGTCAG,2016-11-30 - Hiseq-8/RDB203_TGTGTCAG,NAT,1104,2060,COH,FFPE,69,M,1193,2016_11_30___Hiseq_8_RDB203_TGTGTCAG
2016_11_30___Hiseq_8_RDB205_AAGAGGCA,2016-11-30 - Hiseq-8/RDB205_AAGAGGCA,NAT,1104,2060,COH,FFPE,55,F,1194,2016_11_30___Hiseq_8_RDB205_AAGAGGCA
2016_11_30___Hiseq_8_RDB206_ACGTCCAA,2016-11-30 - Hiseq-8/RDB206_ACGTCCAA,NAT,1104,2060,COH,FFPE,63,M,1195,2016_11_30___Hiseq_8_RDB206_ACGTCCAA
2016_11_30___Hiseq_8_RDB207_ACTCAACG,2016-11-30 - Hiseq-8/RDB207_ACTCAACG,NAT,1104,2060,COH,FFPE,55,M,1196,2016_11_30___Hiseq_8_RDB207_ACTCAACG
2016_11_30___Hiseq_8_RDB208_AGAACCAG,2016-11-30 - Hiseq-8/RDB208_AGAACCAG,NAT,1104,2060,COH,FFPE,90,M,1197,2016_11_30___Hiseq_8_RDB208_AGAACCAG
2016_11_30___Hiseq_8_RDB210_AGCAGACA,2016-11-30 - Hiseq-8/RDB210_AGCAGACA,Tumor,1104,2060,COH,FFPE,68,F,1188,2016_11_30___Hiseq_8_RDB210_AGCAGACA
2016_11_30___Hiseq_8_RDB211_AGCTTCAG,2016-11-30 - Hiseq-8/RDB211_AGCTTCAG,Tumor,1104,2060,COH,FFPE,88,M,1189,2016_11_30___Hiseq_8_RDB211_AGCTTCAG
2016_11_30___Hiseq_8_RDB212_AGGAGGTT,2016-11-30 - Hiseq-8/RDB212_AGGAGGTT,Tumor,1104,2060,COH,FFPE,70,M,1190,2016_11_30___Hiseq_8_RDB212_AGGAGGTT
2016_11_30___Hiseq_8_RDB213_AGGTTCCT,2016-11-30 - Hiseq-8/RDB213_AGGTTCCT,Tumor,1104,2060,COH,FFPE,80,F,1191,2016_11_30___Hiseq_8_RDB213_AGGTTCCT
2016_11_30___Hiseq_8_RDB214_AGTACACG,2016-11-30 - Hiseq-8/RDB214_AGTACACG,Tumor,1104,2060,COH,FFPE,77,F,1192,2016_11_30___Hiseq_8_RDB214_AGTACACG
2016_11_30___Hiseq_8_RDB216_ATCGGAGA,2016-11-30 - Hiseq-8/RDB216_ATCGGAGA,Tumor,1104,2060,COH,FFPE,69,M,1193,2016_11_30___Hiseq_8_RDB216_ATCGGAGA
2016_11_30___Hiseq_8_RDB217_CAACGAGT,2016-11-30 - Hiseq-8/RDB217_CAACGAGT,Tumor,1104,2060,COH,FFPE,55,F,1194,2016_11_30___Hiseq_8_RDB217_CAACGAGT
2016_11_30___Hiseq_8_RDB218_CACCAGTT,2016-11-30 - Hiseq-8/RDB218_CACCAGTT,Tumor,1104,2060,COH,FFPE,63,M,1195,2016_11_30___Hiseq_8_RDB218_CACCAGTT
2016_11_30___Hiseq_8_RDB219_CCTTAGGT,2016-11-30 - Hiseq-8/RDB219_CCTTAGGT,Tumor,1104,2060,COH,FFPE,55,M,1196,2016_11_30___Hiseq_8_RDB219_CCTTAGGT
2016_11_30___Hiseq_8_RDB221_CGATCGAT,2016-11-30 - Hiseq-8/RDB221_CGATCGAT,Tumor,1104,2060,COH,FFPE,90,M,1197,2016_11_30___Hiseq_8_RDB221_CGATCGAT
2016_11_30___Hiseq_8_RDB223_CTAAGACC,2016-11-30 - Hiseq-8/RDB223_CTAAGACC,NAT,1105,2060,COH,FFPE,70,F,1198,2016_11_30___Hiseq_8_RDB223_CTAAGACC
2016_11_30___Hiseq_8_RDB224_GAAGATCC,2016-11-30 - Hiseq-8/RDB224_GAAGATCC,NAT,1105,2060,COH,FFPE,65,M,1199,2016_11_30___Hiseq_8_RDB224_GAAGATCC
2016_11_30___Hiseq_8_RDB225_GACGTCAT,2016-11-30 - Hiseq-8/RDB225_GACGTCAT,NAT,1105,2060,COH,FFPE,76,M,1200,2016_11_30___Hiseq_8_RDB225_GACGTCAT
2016_11_30___Hiseq_8_RDB226_GAGAAGGT,2016-11-30 - Hiseq-8/RDB226_GAGAAGGT,NAT,1105,2060,COH,FFPE,71,M,1201,2016_11_30___Hiseq_8_RDB226_GAGAAGGT
2016_11_30___Hiseq_8_RDB227_GATCAGAC,2016-11-30 - Hiseq-8/RDB227_GATCAGAC,NAT,1105,2060,COH,FFPE,87,M,1202,2016_11_30___Hiseq_8_RDB227_GATCAGAC
2016_11_30___Hiseq_8_RDB229_GCTAAGGA,2016-11-30 - Hiseq-8/RDB229_GCTAAGGA,NAT,1105,2060,COH,FFPE,56,M,1203,2016_11_30___Hiseq_8_RDB229_GCTAAGGA
2016_11_30___Hiseq_8_RDB230_GCTCAGTT,2016-11-30 - Hiseq-8/RDB230_GCTCAGTT,NAT,1105,2060,COH,FFPE,56,F,1204,2016_11_30___Hiseq_8_RDB230_GCTCAGTT
2016_11_30___Hiseq_8_RDB231_GGACAGAT,2016-11-30 - Hiseq-8/RDB231_GGACAGAT,NAT,1105,2060,COH,FFPE,74,M,1205,2016_11_30___Hiseq_8_RDB231_GGACAGAT
2016_11_30___Hiseq_8_RDB232_GGATCTGA,2016-11-30 - Hiseq-8/RDB232_GGATCTGA,NAT,1105,2060,COH,FFPE,73,F,1206,2016_11_30___Hiseq_8_RDB232_GGATCTGA
2016_11_30___Hiseq_8_RDB233_GTTCCATG,2016-11-30 - Hiseq-8/RDB233_GTTCCATG,NAT,1105,2060,COH,FFPE,76,F,1207,2016_11_30___Hiseq_8_RDB233_GTTCCATG
2016_11_30___Hiseq_8_RDB237_TCCTGGTA,2016-11-30 - Hiseq-8/RDB237_TCCTGGTA,NAT,1106,2061,COH,FFPE,75,M,1213,2016_11_30___Hiseq_8_RDB237_TCCTGGTA
2016_11_30___Hiseq_8_RDB238_TCGATGAC,2016-11-30 - Hiseq-8/RDB238_TCGATGAC,NAT,1106,2061,COH,FFPE,60,F,1214,2016_11_30___Hiseq_8_RDB238_TCGATGAC
2016_11_30___Hiseq_8_RDB239_AACCACTC,2016-11-30 - Hiseq-8/RDB239_AACCACTC,NAT,1106,2061,COH,FFPE,70,F,1215,2016_11_30___Hiseq_8_RDB239_AACCACTC
2016_11_30___Hiseq_8_RDB240_AAGGACCA,2016-11-30 - Hiseq-8/RDB240_AAGGACCA,NAT,1106,2061,COH,FFPE,80,M,1216,2016_11_30___Hiseq_8_RDB240_AAGGACCA
2016_11_30___Hiseq_8_RDB241_ACACCGAT,2016-11-30 - Hiseq-8/RDB241_ACACCGAT,NAT,1106,2061,COH,FFPE,67,M,1217,2016_11_30___Hiseq_8_RDB241_ACACCGAT
2016_11_30___Hiseq_8_RDB243_ACATGCCA,2016-11-30 - Hiseq-8/RDB243_ACATGCCA,Tumor,1106,2061,COH,FFPE,81,F,1208,2016_11_30___Hiseq_8_RDB243_ACATGCCA
2016_11_30___Hiseq_8_RDB244_ACGAATCC,2016-11-30 - Hiseq-8/RDB244_ACGAATCC,Tumor,1106,2061,COH,FFPE,62,M,1209,2016_11_30___Hiseq_8_RDB244_ACGAATCC
2016_11_30___Hiseq_8_RDB245_AGAAGTGG,2016-11-30 - Hiseq-8/RDB245_AGAAGTGG,Tumor,1106,2061,COH,FFPE,59,F,1210,2016_11_30___Hiseq_8_RDB245_AGAAGTGG
2016_11_30___Hiseq_8_RDB246_AGCTAGTG,2016-11-30 - Hiseq-8/RDB246_AGCTAGTG,Tumor,1106,2061,COH,FFPE,52,F,1211,2016_11_30___Hiseq_8_RDB246_AGCTAGTG
2016_11_30___Hiseq_8_RDB247_AGGAACAC,2016-11-30 - Hiseq-8/RDB247_AGGAACAC,Tumor,1106,2061,COH,FFPE,71,F,1212,2016_11_30___Hiseq_8_RDB247_AGGAACAC
2016_11_30___Hiseq_8_RDB250_CAACACAG,2016-11-30 - Hiseq-8/RDB250_CAACACAG,Tumor,1106,2061,COH,FFPE,75,M,1213,2016_11_30___Hiseq_8_RDB250_CAACACAG
2016_11_30___Hiseq_8_RDB251_CACGTCTA,2016-11-30 - Hiseq-8/RDB251_CACGTCTA,Tumor,1106,2061,COH,FFPE,60,F,1214,2016_11_30___Hiseq_8_RDB251_CACGTCTA
2016_11_30___Hiseq_8_RDB252_CAGCATAC,2016-11-30 - Hiseq-8/RDB252_CAGCATAC,Tumor,1106,2061,COH,FFPE,70,F,1215,2016_11_30___Hiseq_8_RDB252_CAGCATAC
2016_11_30___Hiseq_8_RDB253_CATCAACC,2016-11-30 - Hiseq-8/RDB253_CATCAACC,Tumor,1106,2061,COH,FFPE,80,M,1216,2016_11_30___Hiseq_8_RDB253_CATCAACC
2016_11_30___Hiseq_8_RDB254_CATCACGT,2016-11-30 - Hiseq-8/RDB254_CATCACGT,Tumor,1106,2061,COH,FFPE,67,M,1217,2016_11_30___Hiseq_8_RDB254_CATCACGT
2016_11_30___Hiseq_8_RDB256_CCACATTG,2016-11-30 - Hiseq-8/RDB256_CCACATTG,NAT,1107,2061,COH,FFPE,82,M,1218,2016_11_30___Hiseq_8_RDB256_CCACATTG
2016_11_30___Hiseq_8_RDB257_CCGAAGAT,2016-11-30 - Hiseq-8/RDB257_CCGAAGAT,NAT,1107,2061,COH,FFPE,77,M,1219,2016_11_30___Hiseq_8_RDB257_CCGAAGAT
2016_11_30___Hiseq_8_RDB258_CTGACTAC,2016-11-30 - Hiseq-8/RDB258_CTGACTAC,NAT,1107,2061,COH,FFPE,79,F,1220,2016_11_30___Hiseq_8_RDB258_CTGACTAC
2016_11_30___Hiseq_8_RDB259_CTTCGCAA,2016-11-30 - Hiseq-8/RDB259_CTTCGCAA,NAT,1107,2061,COH,FFPE,56,M,1221,2016_11_30___Hiseq_8_RDB259_CTTCGCAA
2016_11_30___Hiseq_8_RDB260_GCAATGAG,2016-11-30 - Hiseq-8/RDB260_GCAATGAG,NAT,1107,2061,COH,FFPE,73,F,1222,2016_11_30___Hiseq_8_RDB260_GCAATGAG
2016_11_30___Hiseq_8_RDB262_GGTCACTA,2016-11-30 - Hiseq-8/RDB262_GGTCACTA,NAT,1107,2061,COH,FFPE,64,M,1223,2016_11_30___Hiseq_8_RDB262_GGTCACTA
2016_11_30___Hiseq_8_RDB263_GTCCTGTT,2016-11-30 - Hiseq-8/RDB263_GTCCTGTT,NAT,1107,2061,COH,FFPE,68,M,1224,2016_11_30___Hiseq_8_RDB263_GTCCTGTT
2016_11_30___Hiseq_8_RDB27_GAGTGTGT,2016-11-30 - Hiseq-8/RDB27_GAGTGTGT,Tumor,1105,2061,COH,FFPE,70,F,1198,2016_11_30___Hiseq_8_RDB27_GAGTGTGT
2016_11_30___Hiseq_8_RDB28_GCATCCTA,2016-11-30 - Hiseq-8/RDB28_GCATCCTA,Tumor,1105,2061,COH,FFPE,65,M,1199,2016_11_30___Hiseq_8_RDB28_GCATCCTA
2016_11_30___Hiseq_8_RDB29_GGATTCAC,2016-11-30 - Hiseq-8/RDB29_GGATTCAC,Tumor,1105,2061,COH,FFPE,76,M,1200,2016_11_30___Hiseq_8_RDB29_GGATTCAC
2016_11_30___Hiseq_8_RDB31_TACGGTCT,2016-11-30 - Hiseq-8/RDB31_TACGGTCT,Tumor,1105,2061,COH,FFPE,71,M,1201,2016_11_30___Hiseq_8_RDB31_TACGGTCT
2016_11_30___Hiseq_8_RDB32_TTGCAACG,2016-11-30 - Hiseq-8/RDB32_TTGCAACG,Tumor,1105,2061,COH,FFPE,87,M,1202,2016_11_30___Hiseq_8_RDB32_TTGCAACG
2016_11_30___Hiseq_8_RDB34_CTATCCAC,2016-11-30 - Hiseq-8/RDB34_CTATCCAC,Tumor,1105,2061,COH,FFPE,56,M,1203,2016_11_30___Hiseq_8_RDB34_CTATCCAC
2016_11_30___Hiseq_8_RDB35_GTGGTATG,2016-11-30 - Hiseq-8/RDB35_GTGGTATG,Tumor,1105,2061,COH,FFPE,56,F,1204,2016_11_30___Hiseq_8_RDB35_GTGGTATG
2016_11_30___Hiseq_8_RDB36_TAACGTCG,2016-11-30 - Hiseq-8/RDB36_TAACGTCG,Tumor,1105,2061,COH,FFPE,74,M,1205,2016_11_30___Hiseq_8_RDB36_TAACGTCG
2016_11_30___Hiseq_8_RDB37_TAGAACGC,2016-11-30 - Hiseq-8/RDB37_TAGAACGC,Tumor,1105,2061,COH,FFPE,73,F,1206,2016_11_30___Hiseq_8_RDB37_TAGAACGC
2016_11_30___Hiseq_8_RDB38_TATGACCG,2016-11-30 - Hiseq-8/RDB38_TATGACCG,Tumor,1105,2061,COH,FFPE,76,F,1207,2016_11_30___Hiseq_8_RDB38_TATGACCG
2016_11_30___Hiseq_8_RDB40_CGGCATTA,2016-11-30 - Hiseq-8/RDB40_CGGCATTA,NAT,1106,2061,COH,FFPE,81,F,1208,2016_11_30___Hiseq_8_RDB40_CGGCATTA
2016_11_30___Hiseq_8_RDB41_GAAGACTG,2016-11-30 - Hiseq-8/RDB41_GAAGACTG,NAT,1106,2061,COH,FFPE,62,M,1209,2016_11_30___Hiseq_8_RDB41_GAAGACTG
2016_11_30___Hiseq_8_RDB42_GGAAGAGA,2016-11-30 - Hiseq-8/RDB42_GGAAGAGA,NAT,1106,2061,COH,FFPE,59,F,1210,2016_11_30___Hiseq_8_RDB42_GGAAGAGA
2016_11_30___Hiseq_8_RDB44_ACGGACTT,2016-11-30 - Hiseq-8/RDB44_ACGGACTT,NAT,1106,2061,COH,FFPE,52,F,1211,2016_11_30___Hiseq_8_RDB44_ACGGACTT
2016_11_30___Hiseq_8_RDB45_CAACCTCT,2016-11-30 - Hiseq-8/RDB45_CAACCTCT,NAT,1106,2061,COH,FFPE,71,F,1212,2016_11_30___Hiseq_8_RDB45_CAACCTCT
2016_11_30___Hiseq_8_RDB5_GAGTAGAG,2016-11-30 - Hiseq-8/RDB5_GAGTAGAG,Tumor,1097,2056,Rambam,Snap,77,M,1078,2016_11_30___Hiseq_8_RDB5_GAGTAGAG
2016_11_30___Hiseq_8_RDB71_ATGACAGG,2016-11-30 - Hiseq-8/RDB71_ATGACAGG,NAT,1100,2057,Rambam,Snap,51,M,1124,2016_11_30___Hiseq_8_RDB71_ATGACAGG
2016_11_30___Hiseq_8_RDB72_CACTGTAG,2016-11-30 - Hiseq-8/RDB72_CACTGTAG,NAT,1100,2057,Rambam,Snap,47,F,1126,2016_11_30___Hiseq_8_RDB72_CACTGTAG
2016_11_30___Hiseq_8_RDB73_CTGGTCAT,2016-11-30 - Hiseq-8/RDB73_CTGGTCAT,Tumor,1100,2057,Rambam,Snap,75,M,1072,2016_11_30___Hiseq_8_RDB73_CTGGTCAT
2016_11_30___Hiseq_8_RDB74_GGAATGTC,2016-11-30 - Hiseq-8/RDB74_GGAATGTC,NAT,1100,2057,Rambam,Snap,64,F,1125,2016_11_30___Hiseq_8_RDB74_GGAATGTC
2016_11_30___Hiseq_8_RDB75_GGTTAGCT,2016-11-30 - Hiseq-8/RDB75_GGTTAGCT,NAT,1100,2057,Rambam,Snap,75,M,1072,2016_11_30___Hiseq_8_RDB75_GGTTAGCT
2016_11_30___Hiseq_8_RDB84_TGACCGTT,2016-11-30 - Hiseq-8/RDB84_TGACCGTT,NAT,1100,2057,Rambam,Snap,86,M,1108,2016_11_30___Hiseq_8_RDB84_TGACCGTT
2016_11_30___Hiseq_8_RDB85_AAGCCTGA,2016-11-30 - Hiseq-8/RDB85_AAGCCTGA,Tumor,1100,2057,Rambam,Snap,64,F,1125,2016_11_30___Hiseq_8_RDB85_AAGCCTGA
2016_11_30___Hiseq_8_RDB86_AAGTCCTC,2016-11-30 - Hiseq-8/RDB86_AAGTCCTC,Tumor,1100,2057,Rambam,Snap,51,M,1124,2016_11_30___Hiseq_8_RDB86_AAGTCCTC
2016_11_30___Hiseq_8_RDB87_ACGAGAAC,2016-11-30 - Hiseq-8/RDB87_ACGAGAAC,Tumor,1100,2057,Rambam,Snap,47,F,1126,2016_11_30___Hiseq_8_RDB87_ACGAGAAC
2016_11_30___Hiseq_8_RDB91_TCGAGAGT,2016-11-30 - Hiseq-8/RDB91_TCGAGAGT,Tumor,1100,2057,Rambam,Snap,86,M,1108,2016_11_30___Hiseq_8_RDB91_TCGAGAGT
2016_11_30___Hiseq_8_RDB93_TGTTCCGT,2016-11-30 - Hiseq-8/RDB93_TGTTCCGT,NAT,1098,2058,COH,FFPE,76,F,1147,2016_11_30___Hiseq_8_RDB93_TGTTCCGT
2016_11_30___Hiseq_8_RDB94_ATACTGGC,2016-11-30 - Hiseq-8/RDB94_ATACTGGC,NAT,1098,2058,COH,FFPE,60,F,1148,2016_11_30___Hiseq_8_RDB94_ATACTGGC
2016_11_30___Hiseq_8_RDB95_CTGCCATA,2016-11-30 - Hiseq-8/RDB95_CTGCCATA,NAT,1098,2058,COH,FFPE,92,M,1149,2016_11_30___Hiseq_8_RDB95_CTGCCATA
2016_11_30___Hiseq_8_RDB96_GGTGTACA,2016-11-30 - Hiseq-8/RDB96_GGTGTACA,NAT,1098,2058,COH,FFPE,75,F,1150,2016_11_30___Hiseq_8_RDB96_GGTGTACA
2016_11_30___Hiseq_8_RDB97_GTAACCGA,2016-11-30 - Hiseq-8/RDB97_GTAACCGA,NAT,1098,2058,COH,FFPE,70,M,1151,2016_11_30___Hiseq_8_RDB97_GTAACCGA
2016_11_30___Hiseq_8_RDB99_GTTAAGCG,2016-11-30 - Hiseq-8/RDB99_GTTAAGCG,NAT,1098,2058,COH,FFPE,53,F,1152,2016_11_30___Hiseq_8_RDB99_GTTAAGCG
2016_1_14___Hiseq_5_RDB290_GTAGTACC,2016-1-14 - Hiseq-5/RDB290_GTAGTACC,NAT,1052,2033,Sheba,Snap,66,M,1039,2016_1_14___Hiseq_5_RDB290_GTAGTACC
2016_1_14___Hiseq_5_RDB291_AACAGGTG,2016-1-14 - Hiseq-5/RDB291_AACAGGTG,Tumor,1052,2033,Sheba,Snap,66,M,1039,2016_1_14___Hiseq_5_RDB291_AACAGGTG
2016_1_14___Hiseq_5_RDB292_AAGCATCG,2016-1-14 - Hiseq-5/RDB292_AAGCATCG,NAT,1052,2033,Sheba,Snap,54,M,1040,2016_1_14___Hiseq_5_RDB292_AAGCATCG
2016_1_14___Hiseq_5_RDB293_AAGCGTTC,2016-1-14 - Hiseq-5/RDB293_AAGCGTTC,Tumor,1052,2033,Sheba,Snap,54,M,1040,2016_1_14___Hiseq_5_RDB293_AAGCGTTC
2016_1_14___Hiseq_5_RDB305_AAGACGAG,2016-1-14 - Hiseq-5/RDB305_AAGACGAG,NAT,1063,2033,Sheba,Snap,84,M,1041,2016_1_14___Hiseq_5_RDB305_AAGACGAG
2016_1_14___Hiseq_5_RDB307_ACGTCGTT,2016-1-14 - Hiseq-5/RDB307_ACGTCGTT,Tumor,1063,2033,Sheba,Snap,84,M,1041,2016_1_14___Hiseq_5_RDB307_ACGTCGTT
2016_1_14___Hiseq_5_RDB308_ACTACGGT,2016-1-14 - Hiseq-5/RDB308_ACTACGGT,NAT,1063,2033,Sheba,Snap,56,M,1042,2016_1_14___Hiseq_5_RDB308_ACTACGGT
2016_1_14___Hiseq_5_RDB309_ACTCTGAG,2016-1-14 - Hiseq-5/RDB309_ACTCTGAG,Tumor,1063,2033,Sheba,Snap,56,M,1042,2016_1_14___Hiseq_5_RDB309_ACTCTGAG
Batch184_RDB100_TAAGTGGC,Batch184/RDB100_TAAGTGGC,NAT,1023,2003,Sheba,Snap,68,M,1010,Batch184_RDB100_TAAGTGGC
Batch184_RDB101_TCAGTAGG,Batch184/RDB101_TCAGTAGG,Tumor,1023,2003,Sheba,Snap,68,M,1010,Batch184_RDB101_TCAGTAGG
Batch184_RDB111_ATGCGCTT,Batch184/RDB111_ATGCGCTT,NAT,1023,2003,Sheba,Snap,32,F,1012,Batch184_RDB111_ATGCGCTT
Batch184_RDB112_CGAGAGAA,Batch184/RDB112_CGAGAGAA,Tumor,1023,2003,Sheba,Snap,32,F,1012,Batch184_RDB112_CGAGAGAA
Batch184_RDB113_CGCGTATT,Batch184/RDB113_CGCGTATT,NAT,1023,2003,Sheba,Snap,69,M,1013,Batch184_RDB113_CGCGTATT
Batch184_RDB54_GGTTGGTA,Batch184/RDB54_GGTTGGTA,NAT,1017,2002,Sheba,Snap,76,M,1003,Batch184_RDB54_GGTTGGTA
Batch184_RDB57_CCGTAACT,Batch184/RDB57_CCGTAACT,Tumor,1017,2002,Sheba,Snap,76,M,1003,Batch184_RDB57_CCGTAACT
Batch184_RDB59_GCCTTCTT,Batch184/RDB59_GCCTTCTT,NAT,1017,2002,Sheba,Snap,64,F,1005,Batch184_RDB59_GCCTTCTT
Batch184_RDB60_GGCGAATA,Batch184/RDB60_GGCGAATA,NAT,1017,2002,Sheba,Snap,64,M,1006,Batch184_RDB60_GGCGAATA
Batch184_RDB95_CTGCCATA,Batch184/RDB95_CTGCCATA,NAT,1023,2003,Sheba,Snap,75,F,1015,Batch184_RDB95_CTGCCATA
Batch184_RDB97_GTAACCGA,Batch184/RDB97_GTAACCGA,NAT,1023,2003,Sheba,Snap,63,M,1009,Batch184_RDB97_GTAACCGA
Batch380_RDB176_GCCAATAC,Batch380/RDB176_GCCAATAC,Tumor,1030,2008,Sheba,Snap,59,F,1021,Batch380_RDB176_GCCAATAC
Batch380_RDB181_AGGCTGAA,Batch380/RDB181_AGGCTGAA,NAT,1030,2008,Sheba,Snap,56,M,1023,Batch380_RDB181_AGGCTGAA
Batch380_RDB188_CGAATTGC,Batch380/RDB188_CGAATTGC,NAT,1030,2008,Sheba,Snap,82,F,1026,Batch380_RDB188_CGAATTGC
Batch380_RDB261_GCAATTCC,Batch380/RDB261_GCAATTCC,NAT,1030,2012,Sheba,Snap,68,M,1028,Batch380_RDB261_GCAATTCC
Batch380_RDB262_GGTCACTA,Batch380/RDB262_GGTCACTA,Tumor,1030,2012,Sheba,Snap,68,M,1028,Batch380_RDB262_GGTCACTA
HTMiSeq3_2018_May_RDB45_S357,HTMiSeq3-2018-May/RDB45_S357,NAT,1045,2073,Sheba,FFPE,72,F,1011,HTMiSeq3_2018_May_RDB45_S357
HTMiSeq3_2018_May_RDB46_S358,HTMiSeq3-2018-May/RDB46_S358,NAT,1045,2073,Sheba,FFPE,57,M,1022,HTMiSeq3_2018_May_RDB46_S358
HTMiSeq3_2018_May_RDB47_S359,HTMiSeq3-2018-May/RDB47_S359,NAT,1045,2073,Sheba,FFPE,69,M,1024,HTMiSeq3_2018_May_RDB47_S359
HTMiSeq3_2018_May_RDB49_S361,HTMiSeq3-2018-May/RDB49_S361,Tumor,1045,2073,Sheba,FFPE,69,M,1001,HTMiSeq3_2018_May_RDB49_S361
HTMiSeq3_2018_May_RDB51_S364,HTMiSeq3-2018-May/RDB51_S364,NAT,1045,2073,Sheba,FFPE,54,M,1019,HTMiSeq3_2018_May_RDB51_S364
HTMiSeq3_2018_May_RDB52_S365,HTMiSeq3-2018-May/RDB52_S365,NAT,1045,2073,Sheba,FFPE,69,F,1002,HTMiSeq3_2018_May_RDB52_S365
HTMiSeq3_2018_May_RDB53_S366,HTMiSeq3-2018-May/RDB53_S366,NAT,1045,2073,Sheba,FFPE,66,M,1052,HTMiSeq3_2018_May_RDB53_S366
Jan2017_RDB11_TTCGAAGC,Jan2017/RDB11_TTCGAAGC,Tumor,1107,2064,COH,FFPE,64,M,1223,Jan2017_RDB11_TTCGAAGC
Jan2017_RDB12_ATCCACGA,Jan2017/RDB12_ATCCACGA,Tumor,1107,2064,COH,FFPE,68,M,1224,Jan2017_RDB12_ATCCACGA
Jan2017_RDB13_ATCTGACC,Jan2017/RDB13_ATCTGACC,Tumor,1107,2064,COH,FFPE,67,F,1225,Jan2017_RDB13_ATCTGACC
Jan2017_RDB14_ATTAGCCG,Jan2017/RDB14_ATTAGCCG,Tumor,1107,2064,COH,FFPE,81,M,1226,Jan2017_RDB14_ATTAGCCG
Jan2017_RDB15_CTCAGAAG,Jan2017/RDB15_CTCAGAAG,Tumor,1107,2064,COH,FFPE,74,M,1227,Jan2017_RDB15_CTCAGAAG
Jan2017_RDB18_ACTCCTAC,Jan2017/RDB18_ACTCCTAC,NAT,1108,2064,COH,FFPE,76,M,1228,Jan2017_RDB18_ACTCCTAC
Jan2017_RDB19_AACACCAC,Jan2017/RDB19_AACACCAC,NAT,1108,2064,COH,FFPE,64,F,1229,Jan2017_RDB19_AACACCAC
Jan2017_RDB1_TTGGTGCA,Jan2017/RDB1_TTGGTGCA,NAT,1107,2064,COH,FFPE,67,F,1225,Jan2017_RDB1_TTGGTGCA
Jan2017_RDB20_ACTCTCCA,Jan2017/RDB20_ACTCTCCA,NAT,1108,2064,COH,FFPE,53,F,1230,Jan2017_RDB20_ACTCTCCA
Jan2017_RDB21_ATAGAGCG,Jan2017/RDB21_ATAGAGCG,NAT,1108,2064,COH,FFPE,85,F,1231,Jan2017_RDB21_ATAGAGCG
Jan2017_RDB22_GGCTCAAT,Jan2017/RDB22_GGCTCAAT,NAT,1108,2064,COH,FFPE,57,F,1232,Jan2017_RDB22_GGCTCAAT
Jan2017_RDB24_TGCGATAG,Jan2017/RDB24_TGCGATAG,NAT,1108,2064,COH,FFPE,65,M,1233,Jan2017_RDB24_TGCGATAG
Jan2017_RDB25_CCTATTGG,Jan2017/RDB25_CCTATTGG,NAT,1108,2064,COH,FFPE,74,F,1234,Jan2017_RDB25_CCTATTGG
Jan2017_RDB26_CTCTTGTC,Jan2017/RDB26_CTCTTGTC,NAT,1108,2064,COH,FFPE,83,M,1235,Jan2017_RDB26_CTCTTGTC
Jan2017_RDB27_GAGTGTGT,Jan2017/RDB27_GAGTGTGT,NAT,1108,2064,COH,FFPE,66,F,1236,Jan2017_RDB27_GAGTGTGT
Jan2017_RDB28_GCATCCTA,Jan2017/RDB28_GCATCCTA,NAT,1108,2064,COH,FFPE,86,M,1237,Jan2017_RDB28_GCATCCTA
Jan2017_RDB2_ACAAGCTC,Jan2017/RDB2_ACAAGCTC,NAT,1107,2064,COH,FFPE,81,M,1226,Jan2017_RDB2_ACAAGCTC
Jan2017_RDB30_GTTGGCAT,Jan2017/RDB30_GTTGGCAT,Tumor,1108,2064,COH,FFPE,76,M,1228,Jan2017_RDB30_GTTGGCAT
Jan2017_RDB31_TACGGTCT,Jan2017/RDB31_TACGGTCT,Tumor,1108,2064,COH,FFPE,64,F,1229,Jan2017_RDB31_TACGGTCT
Jan2017_RDB33_CGATTGGA,Jan2017/RDB33_CGATTGGA,Tumor,1108,2064,COH,FFPE,53,F,1230,Jan2017_RDB33_CGATTGGA
Jan2017_RDB34_CTATCCAC,Jan2017/RDB34_CTATCCAC,Tumor,1108,2064,COH,FFPE,85,F,1231,Jan2017_RDB34_CTATCCAC
Jan2017_RDB35_GTGGTATG,Jan2017/RDB35_GTGGTATG,Tumor,1108,2064,COH,FFPE,57,F,1232,Jan2017_RDB35_GTGGTATG
Jan2017_RDB37_TAGAACGC,Jan2017/RDB37_TAGAACGC,Tumor,1108,2064,COH,FFPE,65,M,1233,Jan2017_RDB37_TAGAACGC
Jan2017_RDB38_TATGACCG,Jan2017/RDB38_TATGACCG,Tumor,1108,2064,COH,FFPE,74,F,1234,Jan2017_RDB38_TATGACCG
Jan2017_RDB39_ACGCAGTA,Jan2017/RDB39_ACGCAGTA,Tumor,1108,2064,COH,FFPE,83,M,1235,Jan2017_RDB39_ACGCAGTA
Jan2017_RDB3_CGGAGTAT,Jan2017/RDB3_CGGAGTAT,NAT,1107,2064,COH,FFPE,74,M,1227,Jan2017_RDB3_CGGAGTAT
Jan2017_RDB40_CGGCATTA,Jan2017/RDB40_CGGCATTA,Tumor,1108,2064,COH,FFPE,66,F,1236,Jan2017_RDB40_CGGCATTA
Jan2017_RDB41_GAAGACTG,Jan2017/RDB41_GAAGACTG,Tumor,1108,2064,COH,FFPE,86,M,1237,Jan2017_RDB41_GAAGACTG
Jan2017_RDB43_TGTCAGTG,Jan2017/RDB43_TGTCAGTG,NAT,1110,2064,COH,FFPE,82,M,1238,Jan2017_RDB43_TGTCAGTG
Jan2017_RDB45_CAACCTCT,Jan2017/RDB45_CAACCTCT,NAT,1110,2064,COH,FFPE,59,M,1240,Jan2017_RDB45_CAACCTCT
Jan2017_RDB46_GATCTTGC,Jan2017/RDB46_GATCTTGC,NAT,1110,2064,COH,FFPE,66,M,1241,Jan2017_RDB46_GATCTTGC
Jan2017_RDB47_TACTAGCG,Jan2017/RDB47_TACTAGCG,NAT,1110,2064,COH,FFPE,75,M,1242,Jan2017_RDB47_TACTAGCG
Jan2017_RDB50_GTCGTTAC,Jan2017/RDB50_GTCGTTAC,NAT,1110,2064,COH,FFPE,64,M,1239,Jan2017_RDB50_GTCGTTAC
Jan2017_RDB52_CATGTGTG,Jan2017/RDB52_CATGTGTG,NAT,1110,2065,COH,FFPE,75,F,1243,Jan2017_RDB52_CATGTGTG
Jan2017_RDB53_CATTGACG,Jan2017/RDB53_CATTGACG,NAT,1110,2065,COH,FFPE,67,F,1244,Jan2017_RDB53_CATTGACG
Jan2017_RDB54_GGTTGGTA,Jan2017/RDB54_GGTTGGTA,NAT,1110,2065,COH,FFPE,56,F,1245,Jan2017_RDB54_GGTTGGTA
Jan2017_RDB55_GTATTCCG,Jan2017/RDB55_GTATTCCG,NAT,1110,2065,COH,FFPE,75,F,1246,Jan2017_RDB55_GTATTCCG
Jan2017_RDB56_TGGTATCC,Jan2017/RDB56_TGGTATCC,NAT,1110,2065,COH,FFPE,70,F,1157,Jan2017_RDB56_TGGTATCC
Jan2017_RDB58_GATACCTG,Jan2017/RDB58_GATACCTG,Tumor,1110,2065,COH,FFPE,82,M,1238,Jan2017_RDB58_GATACCTG
Jan2017_RDB59_GCCTTCTT,Jan2017/RDB59_GCCTTCTT,Tumor,1110,2065,COH,FFPE,64,M,1239,Jan2017_RDB59_GCCTTCTT
Jan2017_RDB5_GAGTAGAG,Jan2017/RDB5_GAGTAGAG,Tumor,1107,2064,COH,FFPE,82,M,1218,Jan2017_RDB5_GAGTAGAG
Jan2017_RDB60_GGCGAATA,Jan2017/RDB60_GGCGAATA,Tumor,1110,2065,COH,FFPE,59,M,1240,Jan2017_RDB60_GGCGAATA
Jan2017_RDB61_GTATCGAG,Jan2017/RDB61_GTATCGAG,Tumor,1110,2065,COH,FFPE,66,M,1241,Jan2017_RDB61_GTATCGAG
Jan2017_RDB62_GTTCTTCG,Jan2017/RDB62_GTTCTTCG,Tumor,1110,2065,COH,FFPE,75,M,1242,Jan2017_RDB62_GTTCTTCG
Jan2017_RDB64_TTCCTCCT,Jan2017/RDB64_TTCCTCCT,Tumor,1110,2065,COH,FFPE,75,F,1243,Jan2017_RDB64_TTCCTCCT
Jan2017_RDB65_GAATGGCA,Jan2017/RDB65_GAATGGCA,Tumor,1110,2065,COH,FFPE,67,F,1244,Jan2017_RDB65_GAATGGCA
Jan2017_RDB67_TACATCGG,Jan2017/RDB67_TACATCGG,Tumor,1110,2065,COH,FFPE,56,F,1245,Jan2017_RDB67_TACATCGG
Jan2017_RDB68_TGGATGGT,Jan2017/RDB68_TGGATGGT,Tumor,1110,2065,COH,FFPE,75,F,1246,Jan2017_RDB68_TGGATGGT
Jan2017_RDB69_TTGCTTGG,Jan2017/RDB69_TTGCTTGG,Tumor,1110,2065,COH,FFPE,70,F,1157,Jan2017_RDB69_TTGCTTGG
Jan2017_RDB6_AACCTACG,Jan2017/RDB6_AACCTACG,Tumor,1107,2064,COH,FFPE,77,M,1219,Jan2017_RDB6_AACCTACG
Jan2017_RDB7_TCTTACGG,Jan2017/RDB7_TCTTACGG,Tumor,1107,2064,COH,FFPE,79,F,1220,Jan2017_RDB7_TCTTACGG
Jan2017_RDB8_GGCATTCT,Jan2017/RDB8_GGCATTCT,Tumor,1107,2064,COH,FFPE,56,M,1221,Jan2017_RDB8_GGCATTCT
Jan2017_RDB9_GGTACGAA,Jan2017/RDB9_GGTACGAA,Tumor,1107,2064,COH,FFPE,73,F,1222,Jan2017_RDB9_GGTACGAA
