feature	Acinetobacter	Actinomyces	Aeribacillus	Aerococcus	Aeromonas	Afipia	Agrobacterium	Agromyces	Alistipes	Alloiococcus	Altererythrobacter	Anaerococcus	Anoxybacillus	Arthrobacter	Aurantimonas	Bacillus	Bacteroides	Blautia	Bosea	Brevundimonas	Caulobacter	Chryseobacterium	Citrobacter	Cloacibacterium	Clostridium.III	Clostridium.IV	Clostridium.XI	Clostridium.XlVa	Corynebacterium	Delftia	Devosia	Diaphorobacter	Dorea	Enhydrobacter	Enterobacter	Enterococcus	Erwinia	Escherichia.Shigella	Faecalibacterium	Ferruginibacter	Geobacillus	Hydrogenophaga	Hydrogenophilus	Janthinobacterium	Lactobacillus	Leuconostoc	Limnohabitans	Lysinibacillus	Lysobacter	Marinomonas	Massilia	Mesorhizobium	Methylibium	Methylobacterium	Methyloversatilis	Microbacterium	Mycobacterium	Neisseria	Oscillibacter	Paracoccus	Peptoniphilus	Petrobacter	Porphyromonas	Prevotella	Pseudomonas	Pseudoxanthomonas	Rhodobaca	Roseomonas	Rothia	Rubrobacter	Schlegelella	Selenomonas	Shewanella	Sphingobium	Sphingomonas	Staphylococcus	Stenotrophomonas	Streptococcus	Turicibacter	Unknown.genus123	Unknown.genus158	Unknown.genus28	Unknown.genus296	Unknown.genus41	Unknown.genus476	Veillonella	Weissella	Xanthomonas
2016_10_13___Hiseq_7_RDB251_CACGTCTA	337	0	0	0	0	0	268	77	0	0	109	0	0	0	0	401	0	0	0	0	0	0	0	0	0	0	0	0	9	0	0	0	0	0	614	0	0	0	0	172	0	119	0	0	2682	0	0	25	0	0	0	0	0	0	77	0	0	0	0	349	0	0	0	0	122	0	41	0	0	399	0	0	0	0	0	0	0	0	0	0	0	0	0	0	0	0	0	42
2016_10_13___Hiseq_7_RDB253_CATCAACC	117	0	0	0	0	0	0	0	0	0	0	0	0	0	0	249	0	0	0	0	0	0	0	0	0	0	0	0	0	66	0	0	0	0	0	0	0	0	0	0	0	0	0	0	16544	0	0	0	0	0	0	101	0	0	0	0	0	0	0	222	0	0	0	0	419	0	43	0	0	424	0	0	285	0	0	52	0	26	0	0	0	0	0	0	0	0	0	0
2016_10_13___Hiseq_7_RDB254_CATCACGT	0	0	0	0	0	0	0	137	0	88	0	0	25	0	74	0	0	0	0	0	0	0	0	107	0	0	0	0	709	29	0	0	0	66	0	0	0	0	0	0	824	0	847	0	76	38	0	0	0	0	0	0	0	0	0	76	0	16	0	30	0	0	0	68	72446	0	0	0	0	0	0	239	0	0	0	132	0	0	0	166	0	0	0	31	0	88	0	0
2016_10_13___Hiseq_7_RDB257_CCGAAGAT	0	0	0	0	0	0	0	0	0	0	0	0	0	173	0	188	0	0	0	0	0	0	0	0	0	0	0	0	130	0	0	0	0	0	0	0	0	0	0	0	0	0	0	110	0	0	22	0	0	0	0	0	0	525	0	0	0	0	0	0	0	0	289	0	57	0	0	0	0	246	0	0	148	0	0	116	0	517	0	8	559	0	0	0	0	0	97	0
2016_10_13___Hiseq_7_RDB258_CTGACTAC	88	0	0	0	0	0	0	0	0	0	0	0	696	0	0	1708	0	0	76	0	0	0	0	0	278	0	0	0	0	0	0	650	0	0	0	0	0	0	0	0	333	0	0	0	432	35	33	0	74	49	0	0	0	0	0	0	135	0	0	0	0	140	0	0	0	255	0	0	0	0	131	0	0	0	0	0	0	0	0	0	0	0	53	0	0	0	0	0
2016_10_13___Hiseq_7_RDB259_CTTCGCAA	289	0	0	0	0	166	0	0	0	0	0	0	0	0	0	0	0	0	0	0	0	0	0	0	0	0	542	0	84	0	0	0	0	0	0	0	0	0	0	0	0	0	0	0	126	0	0	0	0	0	0	0	0	0	0	110	0	0	0	0	104	0	0	106	1186	0	0	0	0	0	0	0	0	0	0	0	120	242	0	0	0	0	0	52	0	0	0	0
2016_10_13___Hiseq_7_RDB298_AGAGTCCA	0	0	0	0	11886	0	1069	0	0	0	0	0	0	0	0	0	0	22	0	0	0	0	241	0	0	0	0	0	0	0	0	0	47	0	0	0	0	0	20	0	0	0	0	0	0	0	0	0	0	0	525	0	0	5111	0	0	0	0	0	0	0	0	0	0	16645	1579	0	0	23	0	0	0	0	26035	205	0	0	0	0	0	0	0	0	0	0	0	0	0
2016_10_13___Hiseq_7_RDB299_AGGTCTGT	167	389	788	0	15	111	0	0	0	0	0	0	0	0	0	1242	0	0	0	0	0	0	0	0	0	0	0	0	94	0	0	0	0	0	0	0	0	0	0	0	0	0	2092	0	0	0	0	0	0	0	117	0	0	0	0	0	0	0	0	0	0	1637	0	0	201	0	0	0	0	0	0	0	0	37	0	0	0	170	0	0	0	0	0	0	0	0	0	0
2016_10_13___Hiseq_7_RDB305_AAGACGAG	0	0	0	0	0	152	0	0	0	0	0	0	0	174	0	0	0	0	0	0	0	0	0	16	0	0	0	0	0	0	259	0	0	0	0	0	0	0	0	0	0	0	0	0	0	0	0	0	0	0	0	74	96	5	0	0	160	0	0	0	0	0	0	0	0	0	0	0	0	0	0	0	0	0	0	0	0	5	0	0	0	8	0	0	79	0	0	0
2016_11_30___Hiseq_8_BC5_AGCAATTC	0	85	0	0	0	0	0	0	523	0	0	0	0	0	0	0	228	0	0	0	0	0	0	0	0	224	0	141	0	0	0	0	0	0	137	0	0	182	0	0	0	0	0	0	0	0	0	0	0	0	0	0	17	0	29	0	0	9	104	0	0	0	429	0	0	0	0	0	0	0	0	0	0	0	0	0	0	0	0	0	0	0	27	0	0	0	0	0
2016_11_30___Hiseq_8_RDB78_TGATCACG	0	0	215	0	0	0	0	0	0	0	0	0	0	0	0	0	0	0	41	0	0	0	0	0	39	0	0	0	376	0	0	43	0	0	0	31	0	0	0	0	0	0	767	0	179	0	0	73	0	0	0	0	0	144	0	0	0	0	0	0	0	266	0	0	41	0	0	0	0	0	247	0	0	0	0	0	0	0	0	0	0	0	0	0	0	0	0	0
2016_11_30___Hiseq_8_RDB90_CCGATGTA	65	0	0	0	0	0	0	0	603	0	0	0	0	0	0	0	3228	578	0	0	0	0	0	0	0	68	62	511	0	0	0	0	109	0	0	66	0	532	3677	0	0	0	0	0	0	0	0	0	0	0	0	0	0	0	0	47	0	28	1084	0	0	0	0	0	46	0	0	0	0	190	0	0	0	0	0	0	0	0	138	0	0	0	0	0	0	0	0	0
2016_10_13___Hiseq_7_RDB249_ATCATGCG	0	0	0	0	0	0	0	0	0	0	0	0	0	52	0	0	0	0	0	0	0	0	0	0	0	0	0	0	0	0	0	0	0	0	0	0	0	67	0	127	0	0	0	0	386	0	0	0	0	0	0	0	0	0	0	0	0	0	0	0	0	0	0	0	0	0	23	99	0	47	0	0	0	0	82	0	0	0	0	0	0	0	0	0	0	0	0	0
2016_10_13___Hiseq_7_RDB255_CCACAACA	0	0	0	0	0	0	0	0	0	0	0	0	0	0	0	398	0	0	146	0	0	0	0	0	0	0	0	0	0	0	0	0	0	0	0	0	0	0	0	0	0	0	0	0	313	374	0	0	38	0	0	0	0	0	0	0	0	0	0	0	0	0	0	0	0	0	0	288	0	0	0	0	0	0	0	31	0	308	0	0	0	38	0	0	0	0	0	0
2016_10_13___Hiseq_7_RDB261_GCAATTCC	0	0	0	0	0	0	0	0	0	0	0	73	0	0	0	384	0	0	0	0	0	0	0	0	0	0	0	0	385	0	0	0	0	0	0	0	0	949	0	0	0	0	0	0	0	0	0	0	0	0	0	0	0	62	0	101	0	0	0	0	0	0	0	0	843	0	0	0	0	0	0	0	0	0	0	0	0	222	0	0	0	0	0	38	0	0	0	68
2016_10_13___Hiseq_7_RDB262_GGTCACTA	0	0	0	44	0	0	0	0	0	0	0	0	0	0	0	0	0	0	0	0	0	0	0	0	0	0	0	0	8	0	0	0	0	288	0	0	152	17	0	0	0	0	0	0	0	0	0	0	13	0	0	0	0	0	0	0	0	0	0	0	0	0	0	0	0	0	0	0	0	0	0	0	0	0	0	0	0	0	0	0	0	0	69	0	0	0	0	0
2016_10_13___Hiseq_7_RDB264_TACACACG	0	0	0	0	0	0	0	0	0	0	0	222	0	0	0	0	0	0	0	0	0	0	0	0	0	0	0	0	0	0	0	0	0	0	0	0	0	0	0	0	44	0	0	103	0	0	0	0	0	0	0	0	0	0	171	0	0	0	0	0	0	0	0	189	487	0	0	0	0	0	0	0	0	0	205	0	0	0	0	0	0	0	0	0	0	122	0	0
2016_10_13___Hiseq_7_RDB266_AACAGTCC	534	0	0	0	0	0	0	0	0	0	0	0	0	0	0	0	116	0	0	73	0	83	84	0	0	0	0	0	76	0	0	0	0	0	0	0	0	131	287	0	0	0	0	0	0	0	0	0	0	0	0	0	0	0	0	0	0	0	0	0	0	0	0	0	141	0	0	0	0	127	0	0	0	0	0	190	266	0	0	0	0	0	0	0	0	0	0	0
2016_10_13___Hiseq_7_RDB267_AACTGAGG	195	0	0	41	0	125	0	0	0	0	0	0	0	0	0	251	0	219	0	0	0	125	0	0	0	0	0	0	200	0	47	0	0	0	201	0	101	0	0	0	0	29	0	0	24796	185	0	0	0	35	0	0	0	0	0	0	0	13	0	147	0	0	0	68	0	0	82	0	314	135	0	0	0	0	0	125	0	1220	44	0	0	0	0	30	0	0	0	170
2016_10_13___Hiseq_7_RDB297_AGACCTTG	0	0	0	0	0	0	0	0	0	0	0	0	0	0	0	70	0	0	0	118	0	0	0	0	0	0	0	0	871	0	0	0	0	0	0	0	0	0	0	0	0	0	0	0	0	0	0	0	0	0	0	0	0	0	0	0	0	0	0	0	0	0	0	0	0	0	0	0	0	0	0	0	0	0	0	196	0	0	0	0	0	0	0	0	234	0	0	0
2016_10_13___Hiseq_7_RDB312_AGACGCTA	0	0	0	0	0	0	0	0	0	46	0	0	0	0	0	0	0	0	0	0	125	0	0	0	0	0	0	0	0	0	0	0	0	0	21	0	0	0	0	0	0	0	0	0	0	0	0	0	0	0	0	0	0	0	0	0	0	0	0	177	0	0	0	0	32	0	0	0	0	0	0	0	0	0	298	0	0	0	0	0	0	0	0	0	0	0	0	0
2016_10_13___Hiseq_7_RDB317_ACAAGACG	103	0	0	0	0	91	0	0	0	0	0	0	0	0	0	0	0	0	0	110	0	0	0	0	0	0	0	0	0	0	0	0	0	0	0	0	0	0	0	0	0	0	0	0	0	0	0	0	0	0	0	0	0	0	0	0	0	0	0	0	0	0	0	0	181	0	0	0	0	0	0	0	0	0	144	0	0	0	0	0	0	0	0	0	133	0	0	0
2016_11_30___Hiseq_8_BC17_GCACACGA	0	18	0	74	0	0	0	0	0	0	84	0	0	0	316	0	0	0	0	0	54	0	0	0	0	0	0	0	0	0	0	0	0	0	0	0	0	0	0	0	0	0	0	0	0	0	0	0	0	0	0	0	0	0	0	0	0	0	0	0	0	0	0	0	0	0	0	0	0	0	95	0	0	0	110	0	0	95	0	0	0	0	0	0	0	0	0	0
2016_11_30___Hiseq_8_RDB266_AACAGTCC	0	149	0	0	0	96	0	0	0	0	0	0	0	0	0	0	0	0	0	109	0	0	0	0	0	0	0	0	593	0	0	0	0	0	0	0	0	0	0	0	0	0	0	0	0	0	0	0	0	0	0	0	0	0	0	0	0	0	0	0	185	0	0	0	0	0	0	0	0	0	0	92	0	0	34	88	0	0	0	0	457	0	0	0	0	0	216	0
