Sample_ID,Sample_ID (WIS),Group,Material,Center,DNA Extraction batch,PCR batch,Sequencing lane batch,Patient_ID,Age,Gender,Sample_ID_original
2016_10_13___Hiseq_7_RDB251_CACGTCTA,2021,NAT,Snap,Rambam,1090,2052,10,3021,63,F,2016-10-13 - Hiseq-7/RDB251_CACGTCTA
2016_10_13___Hiseq_7_RDB253_CATCAACC,2022,NAT,Snap,Rambam,1090,2052,10,3018,40,F,2016-10-13 - Hiseq-7/RDB253_CATCAACC
2016_10_13___Hiseq_7_RDB254_CATCACGT,2023,NAT,Snap,Rambam,1090,2052,10,3016,53,F,2016-10-13 - Hiseq-7/RDB254_CATCACGT
2016_10_13___Hiseq_7_RDB257_CCGAAGAT,2024,NAT,Snap,Rambam,1090,2052,10,3022,45,F,2016-10-13 - Hiseq-7/RDB257_CCGAAGAT
2016_10_13___Hiseq_7_RDB258_CTGACTAC,2025,NAT,Snap,Rambam,1090,2052,10,3015,64,F,2016-10-13 - Hiseq-7/RDB258_CTGACTAC
2016_10_13___Hiseq_7_RDB259_CTTCGCAA,2026,NAT,Snap,Rambam,1090,2052,10,3014,58,F,2016-10-13 - Hiseq-7/RDB259_CTTCGCAA
2016_10_13___Hiseq_7_RDB298_AGAGTCCA,2027,NAT,Snap,Rambam,1092,2053,10,3025,49,F,2016-10-13 - Hiseq-7/RDB298_AGAGTCCA
2016_10_13___Hiseq_7_RDB299_AGGTCTGT,2028,NAT,Snap,Rambam,1092,2053,10,3027,37,F,2016-10-13 - Hiseq-7/RDB299_AGGTCTGT
2016_10_13___Hiseq_7_RDB305_AAGACGAG,2029,NAT,Snap,Rambam,1092,2053,10,3026,68,F,2016-10-13 - Hiseq-7/RDB305_AAGACGAG
2016_11_30___Hiseq_8_BC5_AGCAATTC,2030,NAT,Snap,Rambam,1093,2054,11,3023,51,F,2016-11-30 - Hiseq-8/BC5_AGCAATTC
2016_11_30___Hiseq_8_RDB78_TGATCACG,2031,NAT,Snap,Rambam,1100,2057,11,3028,45,F,2016-11-30 - Hiseq-8/RDB78_TGATCACG
2016_11_30___Hiseq_8_RDB90_CCGATGTA,2032,NAT,Snap,Rambam,1100,2057,11,3017,62,F,2016-11-30 - Hiseq-8/RDB90_CCGATGTA
2016_10_13___Hiseq_7_RDB249_ATCATGCG,2073,Tumor,Snap,Rambam,1090,2052,10,3021,63,F,2016-10-13 - Hiseq-7/RDB249_ATCATGCG
2016_10_13___Hiseq_7_RDB255_CCACAACA,2075,Tumor,Snap,Rambam,1090,2052,10,3015,64,F,2016-10-13 - Hiseq-7/RDB255_CCACAACA
2016_10_13___Hiseq_7_RDB261_GCAATTCC,2076,Tumor,Snap,Rambam,1090,2052,10,3014,58,F,2016-10-13 - Hiseq-7/RDB261_GCAATTCC
2016_10_13___Hiseq_7_RDB262_GGTCACTA,2077,Tumor,Snap,Rambam,1090,2052,10,3016,53,F,2016-10-13 - Hiseq-7/RDB262_GGTCACTA
2016_10_13___Hiseq_7_RDB264_TACACACG,2078,Tumor,Snap,Rambam,1090,2052,10,3022,45,F,2016-10-13 - Hiseq-7/RDB264_TACACACG
2016_10_13___Hiseq_7_RDB266_AACAGTCC,2080,Tumor,Snap,Rambam,1090,2052,10,3017,62,F,2016-10-13 - Hiseq-7/RDB266_AACAGTCC
2016_10_13___Hiseq_7_RDB267_AACTGAGG,2081,Tumor,Snap,Rambam,1090,2052,10,3018,40,F,2016-10-13 - Hiseq-7/RDB267_AACTGAGG
2016_10_13___Hiseq_7_RDB297_AGACCTTG,2083,Tumor,Snap,Rambam,1092,2053,10,3026,68,F,2016-10-13 - Hiseq-7/RDB297_AGACCTTG
2016_10_13___Hiseq_7_RDB312_AGACGCTA,2084,Tumor,Snap,Rambam,1092,2053,10,3025,49,F,2016-10-13 - Hiseq-7/RDB312_AGACGCTA
2016_10_13___Hiseq_7_RDB317_ACAAGACG,2085,Tumor,Snap,Rambam,1092,2053,10,3027,37,F,2016-10-13 - Hiseq-7/RDB317_ACAAGACG
2016_11_30___Hiseq_8_BC17_GCACACGA,2088,Tumor,Snap,Rambam,1093,2054,11,3023,51,F,2016-11-30 - Hiseq-8/BC17_GCACACGA
2016_11_30___Hiseq_8_RDB266_AACAGTCC,2090,Tumor,Snap,Rambam,1100,2062,11,3028,45,F,2016-11-30 - Hiseq-8/RDB266_AACAGTCC
